"BOC","OC","BOCDescription"
"3171","31","LAW ENFORCEMENT FIREARMS"
"3172","31","LAWENFORCFIRARMSTE"
"3198","31","SUPPLY FUND DIRECT DELIVERY"
"3199","31","SUPPLY FUND EQUIPMENT ORDERS"
"3210","32","LAND"
"3215","32","IMPROVEMENTS TO LAND"
"3216","32","IMPROVEMENTS TO LAND, NON-CAP"
"3220","32","BUILDINGS"
"3221","32","SITE PREP FOR INFO SYS TECH"
"3222","32","LAND,BLDG,ETC. CAP LEASES"
"3223","32","BLDGS & FACILITIES-NOT CAP"
"3224","32","BLDGS UNDER CAP LEASES,NOT CAP"
"3225","32","TELECOMMUNICATION EQUIPMENT"
"3226","32","TELECOMMUNICATIONS, NOT CAP"
"3227","32","SITE PRP INFO TECH SYS NOT CAP"
"3230","32","LEASEHOLD IMPROVEMENTS, CAP"
"3231","32","LEASEHOLD IMPROVE-NOT CAP"
"3240","32","OTHER STRUCTURES & FACILITIES"
"3241","32","OTH STRUCTURES & FAC, NOT CAP"
"3252","32","DEC EMERY CLEANUP LAND NON-CAP"
"3253","32","DEC EMERG CLEANUP LAND CAP"
"3254","32","DEMOLITION OF BLDGS&STRUCT NCA"
"3255","32","HAZ WASTE CLNUP, BLDG&STRC N/C"
"3256","32","REO ACQUISTION COST"
"3257","32","REO PROPERTY IMPROVEMENTS"
"3259","32","CREDIT REFORM RMB D LOAN-VBA"
"3260","32","ENERGY PROJECTS - CAPITALIZED"
"3261","32","ENERGY PRJ - NON-CAPITALIZED"
"3270","32","HERITAGE BLDG & STRUCTURES"
"3310","33","PROPERTY ACQUISITIONS"
"3320","33","PREMIUMS/DISC FOR INS PRG"
"3321","33","CLAIMS RECV-LOAN GUAR-VBA ONLY"
"3322","33","LOAN CLAIM&SVC REFUND/REPURCH"
"4107","41","CHAPTER 31 TUITION & FEES"
"4108","41","CHAPTER 31 BOOKS"
"4109","41","CHAPTER 31 SUPPLIES"
"4110","41","REHABILITATION BENEFITS - VBA"
"4112","41","CHAPTER 31 HANDLING CHARGES"
"4113","41","CHAPTER 31 TUTORIAL EXPENSE"
"4115","41","HOUSING STAGE PAYMENTS"
"4116","41","LOAN SUBSIDY"
"4117","41","RE-ESTIMATES OF LOAN SUBSIDY"
"4119","41","HOME IMPROV & STRUC ALLOC BENE"
"4120","41","GRANTS SVCS TO HOMELESS VETS"
"4121","41","GRANTS-VHASUPSVCSVETFHOM"
"4122","41","DO NOT USE RESERVED GRANTMGSVC"
"4123","41","DO NOT USE RESERVED GRANTMGSVC"
"4124","41","GRANTS - VHASTHOMECONS"
"4127","41","STATE APPROVING AGENCY (SAA)"
"4130","41","SUBSIDIES&GRANTS/INS & IND FDS"
"4131","41","GRANTS NCACEMGS"
"4132","41","GRANTS-VHASHPCVSHOMES"
"2645","26","BOOKS,PERIODICALS & NEWSPAPERS"
"2647","26","AUDIOVISUAL SOFTWARE"
"2650","26","FUEL OIL (HEATING/DIESEL)"
"2651","26","COAL"
"2652","26","LIQ PETROLEUM GAS/PROPANE"
"2654","26","FUEL - FLEET VEHICLES ONLY"
"2655","26","AUTO GASOLINE - NON FLEET VEH"
"2656","26","LIQ PETROLEUM GAS -NON FLEET"
"2657","26","DIESEL/DISTILLATE NON FLEET"
"2658","26","OTHER NON-RENEWABLE FUEL NF"
"2659","26","RENEWABLE FUEL NON FLEET"
"2660","26","OPERATING SUPPLIES AND MATERIA"
"2665","26","LINEN ITEMS"
"2666","26","EMPLOYEE UNIF & PROT CLOTHING"
"2670","26","MAINT SUPPLIES AND MATERIALS"
"2674","26","OXYGEN EQUIPMENT AND SUPPLIES"
"2690","26","S&R REPAIR PARTS, INV."
"2691","26","FLAGS"
"2692","26","PROSTHETIC SUPPLIES"
"2693","26","HOME DIALYSIS EQUIP AND SUPPLY"
"2696","26","SUPPLY INVENTORY-HELD FOR SALE"
"3110","31","TRANSPORTATION EQUIP-PSNGR VEH"
"3111","31","TRANS EQUIP-PSGR VEH, NOT CAP"
"3112","31","TRANSP EQ - NON-PSNGR VEHICLES"
"3113","31","TRANS EQUIP-N-PSGR VEH,NOT CAP"
"3120","31","FURN & FIXTURES, CAP"
"3121","31","OFFICE EQUIPMENT, CAP"
"3122","31","IT SERVER& DATA STORAGE SYS"
"3123","31","IT VIDEOCONFEREQPT"
"3124","31","INTERNAL USE SFTWAE ID-CAPT"
"3125","31","TELECOMM EQ (DATA) PURCHASED"
"3126","31","FURNITURE & FIXTURES, NOT CAP"
"3127","31","OFFICE EQUIPMENT, NOT CAP"
"3128","31","IT NETWORK EQUIPMENT"
"3129","31","IT PERIPHERAL DEVICE"
"3130","31","MED, DENTAL AND SCIENTIFIC EQ"
"3131","31","MED, DENTAL, SCIENT EQ, N CAP"
"3132","31","INTERNAL USE SOFTWARE (COTS) C"
"3133","31","TELECOMM EQUIPMENT, NON CAP  P"
"3134","31","INTERNAL USE SOFTWARE - NC"
"3135","31","PROS TELEHEALTH EQUIP, NON CAP"
"3136","31","IT COMPUTER WORKSTATION"
"3137","31","MOBILE COMPUTING DEVICES"
"3138","31","IT HARDWARE-CAPITALIZED"
"3150","31","UTILITY & OPERATING EQUIPMENT"
"3151","31","UTILITY & OPER EQ, NOT CAP"
"3152","31","DEC EMERGENCY EQUIP NON-CAP"
"3153","31","DEC EMERGENCY EQUIP CAP"
"3156","31","HAZARD WASTE CLEANUP PP NONCAP"
"3157","31","DEC EMERGENCY CLEANUP PP"
"3160","31","EQUIPMENT UNDER LEASE PURCHASE"
"3161","31","EQ UNDR CAPITAL LEASE, NOT CAP"
"4133","41","GRANTS-VHA RURAL VETS CORD PIL"
"4134","41","GRANTS - VBASPEADPHAT"
"4135","41","GRANTS VAINTADAPSPORTS"
"4136","41","GRANTS-VHA TRANSP VETS HRA"
"4137","41","GRANTS MANAGEMENT SERVICE"
"4146","41","CH 31 BENE TRAVEL NON-SUBSISTE"
"4147","41","CH 31 NAS SPECIAL CONTRL. SVCS"
"4150","41","CHAPTER 31 EQUIPMENT"
"4155","41","CHAPTER 31 ONE TIME MISC"
"4156","41","CH31 NON-CONTRACTUAL SPL SVCS"
"4157","41","CHAPTER 31 CONTRCTL SPL SVCS"
"4158","41","CH18 SPINA BIFIDA CNTRCT CNSL"
"4177","41","CH 31 - NON-SUBSISTENCE"
"4192","41","ALL OTH CONTRCT CNSEL (ED/VOC)"
"4193","41","NON CH31-CONTRT COUNSL PAY PY"
"4201","42","JUDGMNT FUND EXP-CONT-VACO 150"
"4202","42","UNFUND JUDGMNT FUND EXP-CO 150"
"4203","42","JUDGMENT FUND-CONTRACT DISPUTE"
"4205","42","NO FEAR ACT SETTLEMENTS"
"4210","42","PENSION ANNUITIES & INS CLAIMS"
"4220","42","FEDERAL TORT CLAIMS"
"4221","42","MEDICAL MALPRACTICE CLAIMS SET"
"4222","42","EEO CLAIM SETTLEMENTS"
"4223","42","FLSA CLAIMS SETTLEMENT"
"4250","42","REIMBURSEMENT FOR LOSSES"
"4260","42","ADMIN. EXPENSE,INSURANCE PRG"
"4265","42","DIRECT LOAN TAX INTEREST/PENAL"
"4266","42","GUARAN. CLAIM PAYMTS. ON FCPRO"
"4267","42","LOAN GUARN PROG B/P"
"4301","43","LGP FED INT BOR EXP - VBA"
"4310","43","INTEREST EXP-CAP LEASE PURCHAS"
"4320","43","INTEREST ON DIV, CREDITS&DEP"
"4330","43","DIVIDENDS, INSURANCE PRGS"
"4420","44","PLS SMG ESCROW"
"1223","12","FERS SPECIAL VA SHARE"
"1224","12","FERS THRIFT VA SHARE"
"1225","12","FEE BASIS - OASDI-VA SHARE"
"1226","12","FEE BASIS - MEDICARE-VA SHARE"
"1227","12","CHANGE IN FECA LIABIL STA150"
"1228","12","ACCRUED FECA EXP STA 150 ONLY"
"1229","12","ACCRUED ANNUAL LEAVE EXP 150"
"1230","12","DIRECT PAYMENT CLOSING COSTS"
"1231","12","ACCRUED FUNDED ANNUAL LEAVE"
"1232","12","FERS REG VA SHARE HIRED AFT12"
"1233","12","FERS SPC VA SHARE HIRED AFT12"
"1234","12","RECRUITMENT BONUS"
"1235","12","RETENTION ALLOWANCE"
"1236","12","RELOCATION BONUS"
"1237","12","FERS REG VA SHARE HIRED AFT13"
"1238","12","FERS SPC VA SHARE HIRED AFT13"
"1283","12","CHILD CARE SUBSIDY"
"1284","12","TRANSIT BENEFIT PRETAX"
"2313","23","INTEG.DATA COMM UTIL(IDCU/GOE)"
"2315","23","DEC EMERGENCY COMMUNICATIONS"
"2320","23","REGULAR MAIL SERVICE"
"2321","23","AIRMAIL & AIR FREIGHT EXP SVC"
"2324","23","SOFTWARE RENTAL & LICENSE FEE"
"2329","23","REAL PROPERTY RENTAL-OWNR AGT"
"2330","23","REAL PROPERTY RENTAL-RNT AGT"
"2331","23","REAL PROP RENTAL - GSA"
"2332","23","REAL PROP RNTL OTH FED AGENCY"
"2334","23","RENT,COMM & UTIL - MARKETING"
"2335","23","SOFTWARE LEASE/LICENSE FEE CAP"
"2341","23","EQUIPMENT RENTALS"
"2343","23","IT EQUIPMENT RENTALS"
"2350","23","MOTION PICTURE FILM RENTALS"
"2389","23","PURCHASED CHILLED WATER"
"2390","23","UTILITY SERVICES"
"2391","23","ELECTRICITY-BUILDINGS"
"2392","23","WATER"
"2393","23","PURCHASED STEAM/HEAT/WATER"
"2394","23","NATURAL GAS - BUILDING"
"2395","23","SEWER"
"2396","23","PURC RENEW ELEC ENERGY BLDG"
"2397","23","NATURAL GAS LANDFILL/BIOMASS"
"2398","23","RENEWABLE THERMAL ENERGY"
"2399","23","OTHER RENEWABLE ENERGY SOURCES"
"2423","24","FORMS AND FORMS LETTERS"
"2424","24","OTHER PRINTING & REPRODUCTION"
"2434","24","PRINTING & REPRO - MARKETING"
"2500","25","CAREGIVER STIPEND"
"2501","25","IT NETWORK MAINTENANCE"
"2502","25"," IT PERIPHERAL DEVICE MAINTENA"
"2503","25","TELECOMMUNICATIONS MAINTEN"
"2504","25","VBA VRE CH31 CNTRCT CNSEL(GOE)"
"2505","25","VBA CH31 REHABILITATN SVC(GOE)"
"2506","25","VBA CH31-EMPLOYMNT SVC (GOE)"
"2507","25","IT VIDEOCONFERENCING MAINTENAN"
"1000","10","VCS ADMINISTRATION"
"1001","10","ADMINISTRATIVE PERSONNEL NOT OTHERWISE CLASSIFIED"
"1002","10","CLERICAL PERSONNEL"
"1005","10","PURCHASE AND HIRE EMPLOYEES - PERSONAL PROPERTY"
"1006","10","PURCHASE AND HIRE EMPLOYEES - REAL PROPERTY"
"1007","10","COMPUTER SYSTEMS ANALYSTS, PROGRAMMERS AND COMPUTER OPERATORS"
"1008","10","WAGE RATE EMPLOYEES"
"1009","10","PURCHASE AND HIRE EMPLOYEES"
"1011","10","FEE BASIS PHYSICIANS"
"1012","10","FEE BASIS -- DENTAL SERVICES"
"1013","10","FEE BASIS -- CONSULTANTS AND ATTENDINGS"
"1014","10","RESPIRATORY THERAPISTS"
"1015","10","PHYSICAL THERAPIST"
"1016","10","OCCUPATIONAL THERAPIST"
"1017","10","OTHER THERAPISTS"
"1285","12","TRANSIT SUBSIDY"
"1286","12","LIABILITY INSURANCE REIMB PROG"
"1287","12","EDUCATION DEBT REDUCTION PGM"
"1288","12","GARNISHMENT FEE COST"
"1301","13","SEVERANCE PAY PL89-301"
"1302","13","UNEMPLOYMENT COMP PAYMENTS"
"1303","13","VOLUNTARY SEPARATION INCENTIVE"
"1304","13","OTHER BENEFITS"
"2101","21","PERMANENT DUTY TRAVEL"
"2102","21","SEEK PERMANENT RESIDENCE QTR"
"2103","21","EMPLOYEE TRAINING TRAVEL/TDY"
"2104","21","EMPLOYEE ADMIN TRAVEL"
"2105","21","PCS MEALS EMPL/DEPENDENTS"
"2106","21","PERMANENT DUTY TVL - TAX"
"2111","21","EMPLOYEE MEDICAL TRAVEL"
"2112","21","BENEFICIARY TRAVEL COMCAR-COMV"
"2113","21","BENEFTRVREIMBEBTRNSCC"
"2114","21","DONATED TRAVEL FOR EMPLOYEES"
"2115","21","DONATED TRAVEL FOR PATIENTS"
"2119","21","BENEFICIARYTRV SPECMODE"
"2120","21","BENTRV-REIMBELIGBENPOV"
"2121","21","LOCAL TRANSPORTATION OF EMP"
"2122","21","TRAVEL OF WITNESSES"
"2128","21","NONMEDICAL BENEFICIARY TRAVEL"
"2130","21","RENTAL OF CAR FR GOVT MOTOR PL"
"2134","21","TRAVEL - MARKETING"
"2140","21","COMMERCIAL TRANSPORTATION CHRG"
"2150","21","TRAVEL TO BE REIMBURSED"
"2151","21","NON-VA EMPLOYEE ADMIN TRAVEL"
"2160","21","DEC EMERGENCY TDY"
"2170","21","EMPLY TRVL TRNG/CONF VASPONSOR"
"2171","21","EMPLOYEE TRAVEL NON-VASPONSOR"
"2172","21","EMPLOYEE TRAV VA SPONS-COSP"
"2173","21","EMP TRVL NON-VA SPONSORED"
"2210","22","SHIPMENT OF BODIES"
"2508","25","DECLARED EMERGENCY INFO TECH"
"2509","25","IT COMPUTER WORK STAT MNT"
"2510","25","INFORMATION TECH SUPPT SVCSFED"
"2511","25","IT HOSTING SERVICES"
"2512","25","OTH CONTRACT SVCS - MARKETING"
"2513","25","IT COMPUTER SERVER/SYSMNT"
"2514","25","ADVISORY & ASSISTANCE CONTRACT"
"2515","25","SYSTEM ANA&PROGSPTINTERNAL"
"2516","25","SVCS-OTH-SUPPLY FUND-1 VA+FUND"
"2517","25","INFO RESOURCES STUDIES (COMM)"
"2518","25","S&R OUTSOURCE PGM-SUPPLY ONLY"
"2519","25","S&R DROP SHIPMENT-SUPPLY ONLY)"
"2520","25","REPAIR OF FURNITURE AND EQUIP"
"2521","25","INTEREST BACK PAY"
"2522","25","PCS PROP MGMT SVC - FOREIGN"
"2523","25","FEE BASIC PURC CARD PMT"
"2524","25","PCS PROP MGMT SVC - DOMESTIC"
"1046","10","PSYCHIATRY RESEARCH FELLOWS"
"1047","10","SCHIZOPHRENIA RESEARCH FELLOWS"
"1048","10","AMBULATORY CARE FELLOWS"
"1049","10","NEUROSCIENCE AND TRAUMATIC BRAIN INJURIES"
"1051","10","TRAINEES - ALLIED HEALTH PROGRAMS"
"1052","10","INTERDISCIPLINARY TEAM TRAINING IN GERIATRICS"
"1053","10","GERIATRICS EXPANSION"
"1054","10","SUMMER TRAINEES"
"1055","10","UPWARD MOBILITY"
"1056","10","TRAINEES - ADMINISTRATIVE TRAINING PROGRAM"
"1061","10","REGISTERED NURSES"
"1062","10","ADMINISTRATIVE NURSE TRAINEES"
"1063","10","NURSE ANESTHETISTS"
"1064","10","NURSE PRACTITIONERS"
"1065","10","LPNS AND LVNS"
"1066","10","NURSING AIDES AND NURSING ASSISTANTS"
"1067","10","CLINICAL NURSE SPECIALISTS"
"1068","10","FEE BASIS – NURSING"
"1071","10","DENTISTS - FULL TIME"
"1072","10","DENTISTS - PART TIME"
"1073","10","DENTISTS - RESIDENTS, NON CAREER"
"1074","10","EXPANDED DENTAL AUXILIARIES"
"1076","10","CHIROPRACTORS"
"1077","10","PODIATRY RESIDENTS"
"1078","10","WITHOUT COMPENSATION (WOC) EMPLOYEES RECEIVING QUARTERS, SUBSISTENCE AND LAUNDRY (QS&L)"
"1079","10","PODIATRISTS"
"1081","10","PHYSICIANS - FULL TIME"
"1082","10","PHYSICIANS - PART TIME"
"1083","10","PHYSICIANS - RESIDENTS, NON CAREER"
"1084","10","PHYSICIANS ASSISTANTS"
"1085","10","CLINICAL PSYCHOLOGISTS AND COUNSELING PSYCHOLOGISTS"
"1087","10","PSYCHOLOGISTS, PHYSICIANS AND DENTISTS - RESEARCH ASSOCIATES"
"1088","10","OPTOMETRY RESIDENTS"
"1089","10","OPTOMETRISTS"
"1091","10","FEDERAL, SUMMER EMPLOYMENT PROGRAM FOR YOUTH - SUMMER AIDES"
"1092","10","STAY-IN-SCHOOL PROGRAM - PART-TIME EMPLOYMENT OF NEEDY STUDENTS"
"1093","10","SUBSISTENCE AND TEMPORARY EXPENSES, REAL ESTATE COSTS AND MISCELLANEOUS EXPENSES"
"1094","10","EMPLOYEE COMPENSATION PAYMENTS"
"1095","10","EMPLOYEE SALARY CONTINUATION"
"1096","10","EMPLOYEES ON SICK LEAVE PENDING DISABILITY RETIREMENT"
"1097","10","UNEMPLOYMENT COMPENSATION"
"1100","11","REGULAR PAY"
"1101","11","REGULAR PAY"
"1102","11","NIGHT DIFFERENTIAL"
"1103","11","HOLIDAY PAY"
"1104","11","OVERTIME PAY"
"1105","11","TERMINAL LEAVE"
"1106","11","POST DIFF(MANILA ONLY)"
"1107","11","PREM PAY ANNUAL BASIS(STANDBY)"
"1108","11","SUNDAY PREMIUM PAY"
"1109","11","ON CALL PAY"
"1110","11","MARKET PAY P/T DENTISTS"
"1111","11","MARKET PAY F/T DENTISTS"
"1112","11","MARKET PAY P/T PHYSICIANS"
"1113","11","MARKET PAY F/T PHYSICIANS"
"1114","11","PERFORMANCE PAY PHYS & DENTIST"
"1115","11","SENIOR EXEC.SERVICE BONUS"
"1116","11","REEMPLOYED ANNUITANTS REIMB"
"1117","11","SATURDAY PREMIUM PAY"
"1118","11","PREMIUM PAY/OT"
"1119","11","EMPLOYEE SPECIAL PAY"
"1120","11","GEOGRAPHIC PAY"
"1121","11","RECRUITMENT BONUS"
"1122","11","RETENTION ALLOWANCE"
"1123","11","HAZARD PAY DIFFERENTIAL"
"1124","11","STAFFING DIFFERENTIAL"
"1125","11","SUPERVISORY DIFFERENTIAL"
"1126","11","RELOCATION BONUS"
"1127","11","PHYSICIAN COMPAR. ALLOWANCE"
"1128","11","INCENTIVE AWARDS CASH/NONCASH"
"1130","11","LOCALITY PAY"
"1131","11","CREDIT REFORM, VACO ONLY"
"1132","11","ADVANCED FED EMPL HEALTH FEHB"
"1133","11","EMP AWARD PGM-RES,FEE,WOC,P&H"
"1134","11","TRAVEL SAVINGS AWARD PROGRAM"
"1136","11","REPAYMENT OF ADVANCED FEHB"
"1137","11","RECOUP ADV FEHB FROM CARRIERS"
"1138","11","RESERVIST DIFFER PAY/INTEREST"
"1140","11","CLEAR SPECIAL PAY TRANSACTIONS"
"1150","11","PERFORMANCE AWARDS"
"1151","11","EXECUTIVE SPECIAL PAY"
"1153","11","DEC EMERGENCY INCREMENTAL PAY"
"1154","11","WEEKEND PREMIUM PAY"
"1201","12","BENEFITS, CANTEEN SVC(FMS INT)"
"1203","12","QS&LALLOW WOC EMP"
"1204","12","OWCP PAYMENTS"
"1205","12","UNIFORM ALLOWANCES"
"1206","12","UNFUND FED EMPLYEE RETIREMT SY"
"1207","12","UNFUND POSTRETIREMENT PENS CSR"
"1208","12","SUBSISTENCE & TEMP EXPENSES"
"1209","12","REAL ESTATE EXPENSES"
"1210","12","RELOCATION INC & W/H TAX"
"1211","12","U/F POSTRETIRE ORB, FEHIB"
"1212","12","FEGLI VA SHARE"
"1213","12","U/F POSTRETIRE ORB, FEGLI"
"1214","12","OASDI EMPLOYERS TAX"
"1215","12","FSA PRGM DEPENDT CARE ADM FEES"
"1216","12","CIVIL SERVICE RET VA SHARE"
"1217","12","FSA PRGM HEALTH CARE ADM FEES"
"1218","12","FEHB VA SHARE"
"1219","12","LIV ALLOW & EDUC ASSIST"
"1220","12","MEDICARE VA SHARE"
"1221","12","*REPAYMENT STUDENT LOAN PROG"
"1222","12","FERS REGULAR VA SHARE"
"2525","25","INTEREST BACK PAY PAID BY OGAS"
"2526","25","STOR HH GOODS - AFTER 30 DAYS"
"2527","25","DEC EMER INT REP AND REFURBIS"
"2528","25","DHS SECURITY SERVICES"
"2529","25","GOODS-OTHER-SUPPLY FUND 1VA+"
"2530","25","STOR HH GOODS - FIRST 30 DAYS"
"2531","25","RELOCATION SERVICES"
"2532","25","SP GSA SVC ABOVE BASIC SLUC CH"
"2534","25","LGY MGT BROKER COMMISSIONS"
"2535","25","INTERIOR DECORATING SERVICES"
"2536","25","DEC EMERG BURIAL UNCLAIM BODY"
"2537","25","DEC EMERG NON-CLINICAL SVC"
"2538","25","DEC EMERGENCY CLINICAL SVC"
"2539","25","GENERAL COSTS ON REO PROPERITI"
"2540","25","LAUNDRY AND DRYCLEANING SERVIC"
"2541","25","LGY INCENTIVE PMTS (VBA ONLY)"
"2542","25","CLEANING&JANTORL SVC/BLDGS&OTH"
"2543","25","RECURRNG MAINTNC & REPAIR SVC"
"2544","25","MOBILE COMPUTING DEV MNT"
"2545","25","TAXES ON REO PROPERTIES"
"2546","25","REO WITHDRAWN PROPERTIES"
"2547","25"," SOLID ORGAN PROCUREMENT"
"2548","25","UTILITY PLANT OPERATIONS"
"2549","25","ROADS AND GROUNDS MAINTENANCE"
"2550","25","LOAN SALES DISCOUNTS"
"2551","25","PROSTHETIC REPAIR SERVICES"
"2552","25","PROSTHETIC CONTRACTUAL SVC"
"2553","25","MISC CONTR SVC FOR INDIGENT VE"
"2554","25","PROPERTY SALES ADJUSTMENTS"
"2555","25","CONTRACTS ASSOCIATED TRAINING"
"2556","25","REO SALES COSTS"
"2557","25","REIMB FOR MEDCARE"
"2558","25","GEN EXP-NOT TIED TO LOAN-VBA"
"2559","25","VBA INSURANCE INTERFACE"
"2211","22","DEC EMERGENCY SHIP OF BODIES"
"2220","22","OTHER SHIPMENTS"
"2224","22","OTHER SHIPMENTS-PERS PROP CAP"
"2225","22","OTHER SHIPMENTS-REAL PROP CAP"
"2226","22","OTHER SHIP-ADP NONEX EQ-CAP"
"2230","22","SHIP OF HSEHLDS & PERSNL EFFEC"
"2231","22","SHIP OF VEHICLES - PCS TRAVEL"
"2234","22","OTHER SHIPMENTS - MARKETING"
"2240","22","PARCEL POST SERVICE"
"2250","22","RENTAL OF TRUCKS FR GOVT M PL"
"2280","22","DEC EMERGENCY SHIPMENTS"
"2298","22","TRANSPORTATION - SVC DIST CTR"
"2299","22","TRANSPORT-OTH SVC DIST CTR"
"2303","23","VOICE - RECURRING COSTS"
"2307","23","DATA COMMUNICATIONS SERVICES"
"2310","23","WIRELESS SERVICES"
"2312","23","COMMUNICATIONS - OTHER"
"2560","25","MED CARE CONTRACTS & AGREEMENT"
"2561","25","FEE BASIS - PHYSICIAN SERVICES"
"2562","25","OFF-STATION FEE MED & NRSING"
"2563","25","ENHANCED SHARING NURSING"
"2564","25","FEE BASIS NURSING STN ONLY"
"2565","25","AUDIT RECOVERY TRANSACTIONS"
"2566","25","FEE BASIS NON PHY&NURS STN USE"
"2567","25","ENHANCED SHARING OTH HLTH CARE"
"2568","25","ENHANCED SHARING SPACE"
"2569","25","EMERGENCY TREATMENT OF VETERAN"
"2570","25","OFF-STATION FEE DENTAL SERVICE"
"2571","25","ON STA FEE DENTAL SERVICE"
"2572","25","SVC PURCH OR SOLD -VHS&RA SCRC"
"2573","25","SVC PUR/SOLD SPCL -VHA RES CTR"
"2574","25","HOME OXYGEN-CONTRCTL AGREEMTS"
"2575","25","OTHER CONTRACT HOSPITALIZATION"
"2576","25","CONSULTANTS AND ATTENDINGS"
"2577","25","REP ALLOW-MANILA-3010,CO-1101"
"2578","25","OFFICAL RESIDENCE ALLOW-MANILA"
"2579","25","SCARCE MEDICAL SPECIALIST CONT"
"2580","25","NON-MED CONTRACT & AGREEMENTS"
"2581","25","CONTRACTS & AGRMTS-INDIVIDUALS"
"2582","25","INCENTIVE THERAPY"
"2583","25","CONT & AGRMT-TUIT & REG (GOVT)"
"2584","25","CONT & AGRMT-TUIT & REG (COMM)"
"2585","25","COLLEGE WORK-STUDY PROGRAM"
"2586","25","SHARING MED RESOURCE-38USC5051"
"2587","25","HOUSE STAFF CONTRACTS"
"2588","25","LGY TAX SCRUB FEES"
"2589","25","COMPENSATED WORK THERAPY"
"2590","25","VA/DOD SHARING AGRMT-38USC5011"
"2591","25","ENHANCED SHARING NONVA PHYSIAN"
"2592","25","ENHANCED SHARING CLINICAL"
"2593","25","OFFSET/COLLECTION FEE"
"2594","25","C & P MEDICAL EXAMINATIONS"
"2595","25","ED & TRNG RPTG ALLW 38USC3684"
"2596","25","CONTRACT & STATE APP AGENCIES"
"2597","25","BURIAL COSTS-UNCLAIMED BODIES"
"2598","25","CONTRACT HOSP & OUTPATIENT TRT"
"2599","25","DEPRECIATION CHARGES"
"2610","26","FOOD"
"2620","26","OFFICE SUPPLIES"
"2623","26","RECORDING MEDIA"
"2625","26","MEDICAL, IT SUPPLIES IC&MAT"
"2631","26","DRUGS, MEDICINES & CHEM SUPPLY"
"2632","26","OTH MEDICAL AND DENTAL SUPPLY"
"2633","26","CHEMICAL SUPPLIES"
"2634","26","SUPPLIES & MATERIAL- MARKETING"
"2635","26","BLOOD AND BLOOD PRODUCTS"
"2636","26","PRESCRIPTIONS"
"2637","26","DEC EMERGENCY HUMANITARIAN SUP"
"1018","10","DIETITIAN"
"1019","10","DIETETIC TECHNICIAN"
"1020","10","SOCIAL WORKER"
"1021","10","SOCIAL WORKER AIDES AND TECHNICIANS"
"1022","10","RADIOLOGY TECHNOLOGIST"
"1023","10","RADIOLOGY TECHNICIAN"
"1024","10","PHARMACISTS"
"1025","10","PHARMACY TECHNICIANS AND AIDES"
"1026","10","DENTAL ASSISTANTS, HYGIENISTS, AIDES, DENTAL LAB AIDES AND TECHNICIANS"
"1027","10","PSYCHOLOGY AIDES AND TECHNICIANS"
"1028","10","AUDIOLOGIST AND SPEECH PATHOLOGIST"
"1029","10","NUCLEAR MEDICINE TECHNOLOGIST"
"1030","10","NUCLEAR MEDICINE TECHNICIANS AND AIDES"
"1031","10","OTHER HEALTH TECHNICIANS AND AIDES NOT PREVIOUSLY IDENTIFIED"
"1032","10","RECREATION SPECIALISTS, AIDES AND TECHNICIANS"
"1033","10","MEDICAL/LABORATORY TECHNOLOGIST"
"1034","10","MEDICAL/LABORATORY AND PATHOLOGY TECHNICIANS"
"1035","10","LABORATORY AIDES AND WORKERS"
"1036","10","FEE BASIS – OTHER THAN PHYSICIANS AND NURSING"
"1037","10","MEDICAL MACHINE TECHNICIANS"
"1038","10","ORTHOPEDISTS AND PROSTHETICS"
"1039","10","CHEMISTS, PHYSICISTS, MICROBIOLOGISTS AND OTHER PHYSICAL AND HEALTH SCIENCE PROFESSIONALS"
"1041","10","PHYSICIANS GERIATRICS NEURO PSYCH FELLOWS PROGRAM"
"1042","10","SPINAL CORD INJURY FELLOWS"
"1043","10","VA FELLOWS AS RWJ CLINICAL SCHOLARS AND HEALTH SERVICE RESEARCH"
"1044","10","SUBSTANCE ABUSE FELLOWS AND CLINICAL PHARMACOLOGY FELLOWS"
"1045","10","DENTAL GERIATRIC FELLOWS PROGRAM AND DENTAL RESEARCH"
