CostCenter,CCName
"120000","OFFICE OF THE GENERAL COUNSEL"
"120001","NORTH ATLANTIC DISTRICT NORTH"
"120002","NORTH ATLANTIC DISTRICT SOUTH"
"120004","DISTRICT CONTRACTING NPG"
"120005","SOUTH EAST DISTRICT NORTH"
"120006","SOUTH EAST DISTRICT SOUTH"
"120007","MIDWEST DISTRICT EAST"
"120010","ADMIN & TORTS LAW GROUP"
"120011","MIDWEST DISTRICT WEST"
"120013","CONTINENTAL DISTRICT EAST"
"120016","CONTINENTIAL DISTRICT WEST"
"120017","MIDWEST DISTRICT WEST"
"120018","PACIFIC DISTRICT NORTH"
"120019","PACIFIC DISTRICT SOUTH"
"120020","BENEFIT LAW GROUP"
"120022","LOAN GUARANTY NPG"
"120023","COLLECTIONS NPG"
"120024","GENERAL COUNSEL REG 20 (6480)"
"120030","HEALTH CARE LAW GROUP"
"120031","STAR TEAM"
"120032","ETHICS SPECIALIST TEAM"
"120040","INFORMATION LAW GROUP"
"120050","CONTRACT LAW GROUP"
"120051","GC PERSONNEL LAW GROUP"
"120055","MGMT PLANNING & ANALYSIS"
"120056","CT APPEALS VET CLAIMS LIT"
"120057","REAL PROPERTY LAW GROUP"
"120058","PROCUREMENT LAW GROUP"
"120061","GC OFC OF REGIONAL COUNSE*L"
"120062","GC OFC OF REGIONAL COUNSEL"
"120070","GENER COUN WINSTON SALEM LEA"
"120071","GENERAL COUN NASHVILLE LEASE"
"120072","GENERAL COUN ROANOKE LEASE"
"120073","GENERAL COUN HUNTINGTON LEAS"
"120074","GENERAL COUN AKRON LEASE"
"120075","COOP RES &DEV AGREEMENT"
"120076","GENERAL COUN INDIANAPOLIS LEA"
"120100","OGC COLLECTIONS NPG REIMB"
"120200","OGC LOAN GUARANTY NPG REIMB"
"120300","OGC PROCUREMENT LG REIMB"
"120400","OGC DISTRICT CONTRACT NPG REI"
"260000","PERSHING HALL"
"261000","PERSHING HALL"
"100000","GENERAL ADMIN CENTRL OFC STAF"
"110100","OFFICE OF THE SECRETARY"
"110200","EXEC DIRECTOR, OFFICE OF CFM"
"110201","OFFICE OF FACILITIES PLANNING"
"110202","FACILITIES STANDARDS SERVICE"
"110203","COST ESTIMATION A/E EVAL SVC"
"110204","RESOURCE MANAGEMENT OFFICE"
"110205","FINANCIAL MANAGEMENT SERVICE"
"110206","DATABASE MGMT & LOGISTIC SVC"
"110207","QUALITY ASSURANCE SERVICE"
"110208","OFFICE OF OPERATIONS"
"110325","OALC FRONT OFFICE CFM PORTION"
"110327","FACILITIES PLANNING DEV SVC"
"110328","OFFICE OF FACILITIES ACQ"
"110329","ENVIRONMENTAL SERVICE"
"110330","CONTRACTING OFFICERS ERO"
"110331","CONTRACTING OFFICERS CRO"
"110332","CONTRACTING OFFICERS WRO"
"110333","CONTRACTING OFFICERS NCA"
"110350","LEASE RESIDENT ENGINEERS"
"110351","NCA/VBA RESIDENT ENGINEERS"
"110352","MAJOR CONSTRUCTION SEISMIC"
"110353","SEISMIC CONTRACTING OFFICERS"
"110355","NCA/VBA REGION HQ"
"110357","EASTERN REGIONAL OFFICE - PLAN"
"110358","CENTRAL REGIONAL OFFICE - PLAN"
"110359","WESTERN REGIONAL OFFICE - PLAN"
"110400","ACCOUNTABILITY & WHISTLEBLOW"
"110500","BOARD OF VETERANS APPEALS"
"110501","CHRMN MEMBERS/EXECUTIVE"
"110600","VET ELECTRONIC HEALTH RECORD"
"110700","CENTER FOR MINORITY VETERANS"
"110800","CENTER FOR WOMEN VETERANS"
"110900","SR EXEC LEADERSHIP DEVELOP PR"
"111000","OFC OF EMP DISCRIM COMPLNT AD"
"111100","OFC OF REGULATN POLICY & MGMT"
"111200","CTR FAITH BASED&COMMUNTY INT"
"111300","OFFICE OF SURVIVORS ASSISTANC"
"111400","VA CENTER FOR INNOVATION"
"111500","ADVISORY COMMITTEE MGMT OFFI"
"113000","ENTERPRISE SUPPORT SERVICES"
"113100","FRANCHISE FUND OVERSIGHT"
"113200","RECORDS CENTER AND VAULT - OP"
"113210","RECORDS CENTER AND VAULT - SA"
"113300","ENTERPRISE BUSINESS CTR - SAL"
"113400","ENTERPRISE BUSINESS CTR - TVL"
"113500","HUMAN RESOURCE ENTERPRISE CE"
"130000","ASST SEC POLCY PLAN&PREPARED"
"130100","A/S OFC OF POLICY & PLANNING"
"130500","OFC OPER SEC&LAW ENFORCEMEN"
"131000","DAS FOR POLICY"
"133000","OFFICE OF POLICY, PLAN& PREPAR"
"134000","VA CENTER FOR INNOVATION"
"134100","VETS EXPERIENCE OFFICE HQ"
"134200","VEO OFFICE OF CLIENT RELATIONS"
"134300","VETS EXPERIENCE OFFICE-OTHER"
"135000","DAS FOR PLANNING AND EVAL"
"136000","MYVA INITIATIVE"
"140000","ASST SEC FOR HUM RES & ADM"
"140100","OFC ASST SEC FOR HUM RES & AD"
"140200","STRATEGIC MANAGEMENT GROUP"
"140300","ENTERPRISE OPERATIONS"
"140400","ENTERPRISE OPERATIONS -BA"
"140420","BUDGET & RISK MANAGEMENT"
"140430","PROGRAM MANAGEMENT OFFICE"
"140440","STRATEGIC PLNG & ORGNZTNL PER"
"140450","HRM MPA LIAISON GR"
"140500","MPA PMO SAC/F VECTOR"
"140600","CENTER FOR HR INFO SERVICES"
"141000","DEP ASST SEC FOR HUM RES MGMT"
"141100","OHRM OTHER REIMBURSEMENTS"
"141110","HRIS HR SMART REIMBURSABLE"
"141120","HRIS/E-OPF REIMBURSABLE"
"141130","HR LOB REIMBURSABLE"
"141140","HRLOB USA STAFFING RA"
"141200","HRM CHILDCARE SUBSIDY"
"141300","OI&T"
"142000","DAS FOR RESOLUTION MANAGEME"
"142100","EEO ADMINISTRATIVE FUNCTIONS"
"142200","COUNSELING"
"142300","INTAKE"
"142400","INVESTIGATIONS"
"142500","CLERICAL"
"142600","MEDIATION"
"143000","OFC OF ASSOC DEP LABOR MGT RE"
"144000","DAS FOR CORP/SENIOR EXEC MGM"
"144100","CORPORATE SENIOR EXEC OPERAT"
"144200","CORPERATE SENIOR EXEC PROG M"
"146000","VETERANS EMPLOYMENT SVC OFF"
"149000","VALU OFFICE OF THE DEAN"
"149100","VALU LEADER DEVELOPMENT"
"149200","VALU TRAINING AND DEVELOPMENT"
"149300","VALU EVALUATION AND ASSESSME"
"149400","VALU LEARNING INFRASTRUCTURE"
"149500","VALU POLICY AND RESOURCE MGM"
"149600","VA CORPORATE TRAINING (HCIP)"
"151000","OFFICE OF DIVERSITY & INCLUSIO"
"151100","DIVERSITY TRAINING (HCIP)"
"151200","REASONABLE ACCOMODATIONS(HC"
"151300","NATL DIVERSTY INTERN PROG HCIP"
"151400","WKFRC RECRUIT INTERN PROG HCI"
"151500","SCHED A-CANDIDATE REGIS.(HCIP)"
"151600","EMPLOYEE ENGAGEMENT AND COM"
"151700","NATIONAL CNTR FOR ORGANIZ. DEV"
"160000","OFFICE OF ADMINISTRATION"
"161000","DEPASST SEC FOR ADMINISTRATIO"
"161100","PERFORMANCE IMPROV&ACCT OFF"
"164000","FACILITIES SERVICE"
"165000","SUPPORT SERVICE"
"170000","ASST SEC/PUBLIC & INTGOVT AFFR"
"170200","ASST SEC/PUBLIC & INTGOVT AFFR"
"170500","OFC NATL PROGMS & SPCL EVENTS"
"170600","OFFICE OF INFORMATION TECHNOL"
"170700","CNTR FAITH BASED INIT(002E)"
"170800","NATIONAL OUTREACH PROGRAM"
"170900","NATIONAL TRIBAL GOV RELATIONS"
"171000","PARALYMPICS PROGRAM OFFICE"
"171100","DIR DIGITAL MEDIA ENGAGEMENT"
"172000","DEPASST SEC/INTERGOVT AFFAIRS"
"172100","REGIONAL VSO LIAISON OFFICE"
"172200","HOMELESS VETERANS PROGRAM"
"175000","DEP ASST SEC/PUBLIC AFFAIRS"
"175100","WHITE HOUSE LIAISON STAFF"
"175200","VHA COMMUNICATIONS"
"175300","VBA COMMUNICATIONS"
"175400","NCA COMMUNICATIONS"
"175500","OI&T COMMUNICATIONS"
"179500","AMERICORPS GRANT"
"180000","ASST SEC FOR MANAGEMENT"
"180100","ASST SEC FOR MANAGEMENT"
"181000","OFFICE AS/MGMT ADM STAFF"
"181200","OFFICE OF PRGM, ANLYS. & EVAL."
"181400","OFFICE ASSET ENTERPRISE MNGM"
"181410","GREEN MANAGEMNT PROG. PROJE"
"182000","DEPUTY ASST SECRETARY - BUDGE"
"183000","DAS FOR OFFICE OF MANAGEMENT"
"183100","ENTERPRISE BUSINESS CTR-VACO"
"183320","OBO A123 SUPPORT"
"183400","TRUST OVERSIGHT OFFICE"
"183410","TRUST OVERSIGHT OFFICE"
"183411","DATA QUALITY SVC"
"183500","OFFICE OF BUSINESS OVERSIGHT"
"183600","OBO INTERNAL CONTROL SUPT CN"
"183601","OBO ICSC FMBT"
"183602","OBO ICSC A123"
"183603","OBO ICSC SSVF"
"183610","OBO ICSC HOMELESS PROV. GRANT"
"183620","OBO ICSC GRANT AUDIT"
"183630","OBO ICSC TECHNOLOGY TRANSFER"
"183640","OBO ICSC NCA GRANTS"
"183700","OBO SYS QUALITY ASSURANCE SVC"
"183900","OFFICE OF FINANCIAL IMPROVEMEN"
"184000","ADAS - FINANCIAL OPERATIONS"
"184100","BUSINESS DEVELOP SUPPORT SVC"
"184600","PROGRAM SERVICES"
"184700","LIAISON SERVICES"
"184800","DEBT MANAGEMENT CENTER"
"184900","OFFICE OF REVOLVING FUND"
"185000","ADAS - FINANCIAL POLICY"
"185100","ACCOUNTING & PAYROLL SERVICE"
"185200","MGMT & FINANCIAL RPTS SVC"
"185300","COST & DEBT MANAGEMENT SVC"
"185400","GRANTS MANAGEMENT OVERSIGHT"
"185500","ENTERPRISE BUSINESS CTR - SSE"
"185600","ENTERPRISE BUSINESS CTR - HRC"
"185700","ENTERPRISE BUSINESS CTR - SSO"
"185800","ENTERPRISE BUSINESS CTR - OPS"
"185900","ENTERPRISE BUSINESS CTR - SAL"
"186000","ADAS FOR FINANCIAL SYSTEMS"
"186100","FINANCIAL MANAGEMENT SYS SVC"
"186200","MGT FMBT DAS"
"186300","E-PAYROLL TEAM"
"186400","O/F FS PAYROLL & HR SYSTMS SVC"
"186500","O/F INFO SECURITY OFFICER TEAM"
"110209","CONSULTING SUPPORT SERVICE"
"110210","ACQUISITIONS SUPPORT CENT. RE"
"110211","REAL PROPERTY SERVICE"
"110212","RESIDENT ENGINEERS"
"110213","REGIONAL OFFICE NW"
"110214","REGIONAL OFFICE NC"
"110215","REGIONAL OFFICE NE"
"110216","FACILITIES PROGRAMS & PLANS OF"
"110217","OFC OF ACQUISITION, LOG & CONS"
"110218","HR & TRAINING SERVICE"
"110219","REAL PROPERTY PROGRAM MGMT"
"110220","CONSTRUCTION PROGRAM MGMT S"
"110221","MAJOR CONSTRUCTION NW RO"
"110222","MAJOR CONSTRUCTION NC REG OF"
"110223","MAJOR CONSTRUCTION NE RO"
"110224","A/E CONSTRUCTION CONTRACT PO"
"110225","MAJ CONSTRUCT CENTRAL OFF RE"
"110226","ACQUISITION SUPPORT EAST REGI"
"110227","FACILITIES PLANNING DEV SRVC"
"110228","OFFICE OF FACILITIES ACQUISITI"
"110230","ERO CONTRACTING OFFICERS"
"110231","CRO CONTRACTING OFFICERS"
"110232","WRO CONTRACTING OFFICERS"
"110233","CONTRACTING OFFICERS NCA"
"110248","LEASE NORTHWEST RO"
"110249","LEASE NORTH CENTRAL RO"
"110250","LEASE RESIDENT ENGINEER"
"110251","O/CONSTRUCT&FACILITSN CARESE"
"110255","DIRECTOR NATIONAL REGION VACO"
"110257","GENAD PLANNERS ERO"
"110258","GENAD PLANNERS CRO"
"110259","GENAD PLANNERS WRO"
"110300","CFM REIMBURSED"
"110301","OFFICE OF FACILITIES PLANNING"
"110302","FACILITIES STANDARDS SERVICE"
"110303","COST ESTIMATING SERVICE"
"110304","RESOURCE MANAGEMENT OFFICE"
"110305","FINANCIAL MANAGEMENT SERVICE"
"110306","DATABASE MANAGEMENT & LGX SV"
"110307","QUALITY ASSURANCE SERVICE"
"110308","OFFICE OF OPERATIONS"
"110309","CONSULTING SUPPORT SERVICE"
"110310","CFM HEADQUARTERS"
"110311","REAL PROPERTY SERVICE"
"110313","WESTERN REGIONAL OFFICE - ROH"
"110314","CENTRAL REGIONAL OFFICE - ROH"
"110315","EASTERN REGIONAL OFFICE - ROH"
"110316","OFFICE OF PROGRAMS AND PLANS"
"110317","OALC-FRONT OFFICE SUPPLY FUND"
"110318","HUMAN RESOURCES & TRAINING SV"
"110320","CONSTRUCTION PROGRAM MGMT"
"110321","MAJOR CONSTRUCTION WRO"
"110322","MAJOR CONSTRUCTION CRO"
"110323","MAJOR CONSTRUCTION ERO"
"110324","A/E CONSTRUCTION CONTRACTING"
"186600","REIMBURSEMENT TEAM"
"186700","FINANCIAL RPTS DATA WAREHOUS"
"186900","FSC CUSTOMER SUPPORT DIVISION"
"187000","FSC FOS DIRECTOR'S OFFICE"
"187100","FSC DIR FINANCIAL SVC CTR"
"187200","FSC MANAGEMENT SUPPORT DIV"
"187300","FSC DATA ANALYTICS SERVICE"
"187400","FTS DIRECTORS OFFICE & FMBT"
"187500","FSC ELECTRONIC COMMERCE DVS"
"187600","FSC OPS & MAINTENANCE DIV"
"187700","RECORDS CENTER & VAULT SECTIO"
"187800","FSC COMMERCIAL OPS DVSN WACO"
"187900","FSC VENDORIZING"
"188000","FSC FHS DIRECTOR'S OFFICE"
"188100","FSC PCS HOME SALE PROGRAM"
"188200","FSC COMMERCIAL OPERATIONS DV"
"188300","FSC MEDICAL CLAIMS DIVISION"
"188400","FSC FAS DIRECTORS OFC & FTSD"
"188500","FSC ACCOUNTING PROC DIV"
"188600","FSC ACCTNG RECON & REPORTS"
"188700","FSC ACCTNG SYS OPERATNS DIV"
"188800","FSC PAYROLL OPERATIONS"
"188900","FSC ENTERP. BUSINESS MGMT DIV"
"189000","FSC PROGRAM MANAGEMENT OFFI"
"189100","FSC TRAVEL SERVICES DIVISION"
"189200","FSC CORP TRVL MGMT & REPORTIN"
"189300","FSC INTRAGOVERNMENTAL ACCT D"
"189400","IC, AUDITING AND RISK DIVISION"
"189500","FSC EXTERNAL CUSTOMERS"
"189600","FSC CHARGE CARD OVERSIGHT"
"189700","FSC EXTERNAL CUSTOMER - ORR"
"189800","FSC EXTERNAL CUSTOMER - DIHS"
"189900","IFAMS SERVICE"
"190000","ASST SEC FOR INFO AND TECH"
"190100","VA CHIEF INFO OFFICER"
"190110","VA CIO (VACO USE ONLY)"
"190120","REALIGNMENT OFFICE (VACO USE)"
"190130","AMO ACCOUNT MANAGEMENT HEAL"
"190140","AMO ACCOUNT MGMT BAM SVS"
"190150","AMO ACCOUNT MGMT CORPORATE"
"190160","AMO ACCOUNT MGMT FRONT OFFIC"
"190170","AMO ACCOUNT MGMT VET EXP SVS"
"190180","AMO ACCT MGMT TECH PLATFORM"
"190190","AMO VETERANS EXP SVCS"
"190200","CRISP OPERATIONS"
"190210","OIS POLICY & STRATEGY"
"190211","OIS CS IMPLEMENTATION STRATEG"
"190212","INFO SEC POLICY & COMPLIANCE"
"190213","CS TECHNOLOGY & METRICS"
"190214","ENTERPRISE SECURITY ARCH"
"190215","SYSTEM SECURITY SUPPORT"
"190220","SEC ARCHICTURE & SOFTWARE AS"
"190230","SECURITY REPORTS & OVERSIGHT"
"190240","INFORMATION ASSURANCE SERVIC"
"190250","COMPLIANCE SERVICE (VACO USE)"
"190260","CERTIFICATION PROGRAM SERVICE"
"190280","OI&T OIS ENTERPRISE OPERATIONS"
"190281","OI&T OIS ENTERPRISE OPS STAFF"
"190300","OFFICE OF MGT AMD PGM SUPPOR"
"190310","DIRECTOR IT MGMT & PROG SUPP"
"190320","PROJECT COORDINATION SERVICE"
"190330","FRONT OFFICE FOR ASST SEC OIT"
"190350","OFFICE OF CUSTOMER ADVOCACY"
"190360","OFCA SERVICE COORDINATION"
"190400","OFC OF IT BUDGET & FINANCE"
"190410","IT BUDGET & FINANCE EXEC DIR"
"190420","IT PROGRAMMING & BUDGET FORM"
"190430","DIRECTOR IT PRGM/BDGT FORM SV"
"190431","BUDGET FORMULATION"
"190440","IT FINANCIAL MGT & OVERSIGHT"
"190450","IT FIN ANALYSIS & EVAL SERVICE"
"190460","IT ORGANIZATION COSTS"
"190470","SDE RES PLNG OFC PROGRAM ANA"
"190485","VAI2 INVTN IN"
"190500","DEPUTY CIO'S -VACO USE ONLY"
"190510","PRINC DEPUTY ASST, INFO & TECH"
"190520","OFF OF CHIEF TECHNOLOGY OFFIC"
"190530","DEPUTY CIO VBA -VACO USE ONLY"
"190540","ENTERPRISE PROG MANAGEMENT"
"190541","VIRTUAL LIFETIME ELECTRONIC RE"
"190560","DEVELOPMENT SECURITY & OPS"
"190561","DEVELOPMENT SECURITY & OPS S"
"190562","DEV OPS INFO ASSURANCE"
"190563","DEV OPS TECH INTG"
"190564","DEV OPS OPS TRIAGE"
"190565","DEVSECOPS PMO"
"190570","OFFICE OF TECH INTEG"
"190600","STRATEGIC PLANNING & ANALYSIS"
"190610","STRATEGIC PLAN&ANALYSIS STAFF"
"190710","NCA SYSTEM INTEGRATION CENTE"
"190810","OIT HUMAN CAPITAL MANAGEMENT"
"190830","ORGAN DEV AND ENGAGEMENT"
"190850","CHIEF LEARNING OFFICE (CLO)"
"190870","OIT HUMAN RESCAREERDEV-AUSTI"
"190900","STATION 282 HINES"
"190910","OI&T DATA CNTR OPERATNS/HINES"
"191000","GOVERNANCE OVERSIGHT TEAM"
"191010","ADAS POLICY,PORTFOLIO OVRSIGH"
"191020","DAS ENTERP PROJECT MGMT. OFFI"
"191021","IT PROJECT MANAGEMENT SERVIC"
"191022","IT QUALITY SERVICES-VACO USE"
"191023","FRONT OFFICE -VACO USE ONLY"
"191030","DADAS FOR POLICY AND OPERATIO"
"191031","POLICY AND OPERATIONS OFFICE"
"191032","IT PORTFOLIO MANAGEMENT SERVI"
"191033","IT CAPITAL EXECUTION SERVICE"
"191100","STRATEGIC SOURCING"
"191110","STRATEGIC SOURCING STAFF"
"191200","VA RECORDS CENTER AND VAULT"
"191210","OI&T VA RECORDS CENTER & VAUL"
"191300","OFFICE OF IT OVERSIGHT & COMPL"
"191310","ERMCO"
"191311","IT ERMCO TEAM 1"
"191312","IT ERMCO TEAM 2"
"191313","IT ERMCO TEAM 3"
"191314","IT ERMCO TEAM 4"
"191315","IT ERMCO TEAM 5"
"191316","DIRECTOR REGION SIX"
"191317","DIRECTOR EMERGENCY RESPTM"
"191318","DIRECTOR OF OPERATIONS"
"191400","OFFOF DASOF INFOPROT&RSKMGT"
"191410","CYBERSECURITY PROGRAM INTEG"
"191500","OFF RSK MGMT &INC. RESP."
"191510","ADAS FOR RSK MGMT INC&RESP"
"191520","INCIDENT RESOLUTION"
"191550","IDENTITY SAFETY"
"191600","OFFICE OF BUSINESS CONTINUITY"
"191610","EXECDIR,BUSINESS CONT."
"191700","ENTERPRISE TECHNOLOGY MGT"
"191710","(ASD) - DCIO OFC OF ASD"
"191720","(ASD) - BUSINESS OFFICE"
"191800","OFFBUSINESS RELATMGMT"
"191810","ED BUSINESS RELATMGMT"
"191900","PROCESS MGMT SVC"
"191910","(ASD) - ASD PROCESS MGMT SVC"
"191920","KNOW/REC/COM/MGT"
"192000","CHIEF ARCHITECT"
"192010","EA CHIEF ARCH"
"192020","TRANS & PLAN ACC"
"192040","IT STRATEGY"
"192100","IT POL & GOV"
"192110","(ASD) - TECHNOLOGY STRATEGIES"
"192200","OFFICE OF IT RESOURCE MGMT"
"192210","DAS FOR IT RESOURCE MGMT"
"192220","IT INTERNS"
"192240","SERVICE COORDINATION OFF"
"192241","SERVICE COORDINATION (STAFF)"
"192250","STRATEGIC PLANNING & ANALYSIS"
"192300","ADCIO PROD MGT"
"192310","(ASD)-PRODUCT AND PLATFORM M"
"192320","PRODUCT MANAGEMENT"
"192330","PRODUCT ENG"
"192400","OFFICE OF DIR BUS REQ STF OFF"
"192500","OFFICE OF PRIVACY & RECORDS M"
"192510","O/I&T ADAS E-GOV-FRONT OFFICE"
"192520","O/I&T ADAS E-GOV-PRIVACY SVC"
"192530","ELECTRONIC - FOIA TEAM"
"192540","IT ENTERPRISE SERVICE"
"192600","DATA CHIEF ARCH"
"192610","DATA ARCH"
"192700","EXECDIR, ACQ STRG&FC MGT"
"192710","IT ACQ STRATEGY&FACIL MGMT"
"192730","DIR BUSINESS RELATIONS"
"192800","OFC OF QUAL PERF & COMPLIANCE"
"192810","QUALITY PERFORMANCE AND RISK"
"192820","SYSTEMS QUALITY ASSURANCE SV"
"192830","HUMAN CAPITAL MANAGEMENT"
"192840","ERM BUSINESS/HQ-FRONT OFFICE"
"192841","ERM-RISK MANAGEMENT PLANNING"
"192842","QPR OFF OF QUALITY & COMPLIANC"
"192850","CHIEF LEARNING OFFICER"
"192851","OFFICE OF CLO STAFF"
"192860","PERFORMANCE AND ANALYTICS"
"192900","FACILITY & SPACE MGMT"
"192910","DIR FACILITY&SPACEMGMT"
"192930","BUSINESS RELATIONS OFFICE"
"192940","DATA CENTER FACILIT OPERATIONS"
"193000","IO SUPPORT SYSTEMS AO"
"193010","IO SUPPORT SYSTEMS SAL"
"193100","IO NAT DATA CTR OPS AO"
"193110","IO NAT DATA CTR OPS SAL"
"193200","IO CHANGE AND REL MGT AO"
"193210","IO CHANGE AND REL MGT SAL"
"193300","IO NETWORK/TELECOM AO"
"193310","IO NETWORK/TELECOM SAL"
"193400","IO PLATFORM SUPPORT AO"
"193410","IO PLATFORM SUPPORT SAL"
"193500","IO FF BUDGET OFFICE AO"
"193510","IO FF BUDGET OFFICE SAL"
"193520","IO FF STRATEGIC SOURCING"
"193600","ENTERPRISE CLOUD SOL OFF"
"193610","ENTERPRISE CLOUD SOL OFF"
"193700","CENTER OF EXCELLENCE"
"193710","CENTER OF EXCELLENCE"
"193800","TECH AND PLATFORM SERV AO"
"193810","TECH AND PLATFORM SERV SAL"
"193900","IO SUPPORT"
"193930","IO SUPPORT SYSTEMS SAL"
"193931","IO NAT DATA CTR OPS SAL"
"193932","IO CHANGE AND REL MGT SAL"
"193933","IO NETWORK OPS"
"193934","IO PLATFORM SUPPORT SAL"
"193935","IO FRANCHISE BUDGET OFFICE"
"193936","ENTERPRISE CLOUD SOL OFF"
"193937","CENTER OF EXCELLENCE"
"193938","TECH AND PLATFORM SERV 103"
"193941","IO HLTH, BEN, MEM, CORP SAL"
"193942","IO UNIFIED COMM"
"193944","IO EX DIR OFFICE"
"193946","IO SECURITY MGT SAL"
"193947","OPERATIONS CONTROL/CMOP"
"194000","CDCO CORPORATE DATA CTR OPS"
"194100","IO HLTH, BEN, MEM, CORP AO"
"194110","IO HLTH, BEN, MEM, CORP SAL"
"194200","IO ENT CALL CNTR AO"
"194210","IO ENT CALL CNTR SAL"
"194300","CDCO BUSINESS CONTINUITY"
"194310","CDCO BUSINESS CONTINUITY"
"194400","IO EX DIRS OFFICE AO"
"194410","IO EX DIR OFFICE SAL"
"194500","O/I&T HUMAN RESOURCES MGMT DI"
"194510","O/I&T HUMAN RESOURCES MGMT DI"
"194520","O/I&T HR MGMT OUTSIDE AUSTIN"
"194600","IO SECURITY MGT AO"
"194610","IO SECURITY MGT SAL"
"194700","BUSINESS AUTOMATION"
"194710","OPERATIONS CONTROL/CMOP"
"194800","ITAC ACQUISITION SVCS PASS THR"
"194810","ITAC ACQUISITION SVCS PASS THR"
"194900","ENTPRS OPER NATL DATA CTR PRG"
"194910","ENT OPS NATL DATA CTR PRG SAL"
"195200","COMPUTER TRAINING CTR-ITSS"
"195210","NCA FIELD OFFICES"
"195300","VA NETWORK & SECURITY"
"195310","OIS OPERATIONS"
"195311","DATA BREACH RESPONSE SERVICE"
"195312","PRIVACY SERVICE"
"195313","CS OPERATIONS CENTER"
"195314","INFO SEC RISK MGMT"
"195400","OFCA CUS RLTNSHP MGMT"
"195410","OFCA CUS RLTNSHP MGMT STAFF"
"195600","NAT CAP REG OFF"
"195610","NAT CAP REG CAMPUS"
"195620","NCR OFC OF OPER MGMT"
"195630","NCR IT CUSTOMER SVC"
"195640","NCR NTWRK&SERVICE SVC"
"195650","NCR TELECOME & VTC SVCS"
"195660","NCR E-SERVICES SVC"
"195700","IT OFFICE OF GENERAL COUNSEL"
"195800","GREEN MANAGEMENT"
"195810","FLEET MANAGERS"
"195820","GREEN MANAGERS"
"195830","ENERGY MANAGERS"
"195840","GREEN VEHICLES"
"195900","DOD/VA INTERAGENCY PROGRAM O"
"195910","DOD/VA IPO SUPPORT COST"
"196000","FIELD SECURITY SVC DIRECTORAT"
"196010","EXECDIR FIELD SECURITY SVC OFC"
"196100","OFFICE OF FIELD SECURITY OPERA"
"196110","DIRECTOR, IT FIELD SECURITY OP"
"196120","FIELD SECURITY SERVICE"
"196121","INFORMATION SEC/OFF. INTERNS"
"196130","CRITICAL INFRASTRUCTURE PROTE"
"196140","ENTERPRISE SECURITY SOLUTIONS"
"196200","ENTERPRISE DATA MANAGEMENT"
"196230","HEALTH DATA MANAGEMENT"
"197000","IT OPS & SVCS ITOPS"
"197010","BUSINESS OFFICE"
"197020","CONTNS SVC IMPROV"
"197100","OFFICE OF FIELD OPERATIONS"
"197110","O/I&T O/FIELD OPER/EXC DIR CIO"
"197111","O/I&T O/FIELD OPER/DEP DIR"
"197120","O/I&T O/FIELD OPER/ SUPPORT"
"197121","NATIONAL SERVICE DESK"
"197122","FIELD BUSINESS INTELLIGENCE"
"197123","FIELD OFFICE OF PROJECT PLANNI"
"197124","FALLING WATERS AND WEB OPS"
"197125","FIELD PROGRAM OFFICES"
"197126","FIELD VCS"
"197130","O/I&T O/FIELD OPER/DIR REGION1"
"197131","IT VETS INTGRD SVC NTWK VISN18"
"197132","IT VETS INGRD SVC NTWK VISN19"
"197133","IT VETS INT SVC NTWKS VISN 20"
"197134","IT VETS INT SVC NTWKS VISN 21"
"197135","IT VETS INT SVC NTWKS VISN 22"
"197140","DIR REG 2"
"197141","IT VETS INT SVC NTWKS VISN 12"
"197142","IT VETS INT SVC NTWKS VISN 15"
"197143","IT VETS INT SVC NTWKS VISN 16"
"197144","IT VETS INT SVC NTWKS VISN 17"
"197145","IT VETS INT SVC NTWKS VISN 23"
"197150","DIR REG 3"
"197151","IT VETS INT SVC NTWKS VISN 6"
"197152","IT VETS INT SVC NTWKS VISN 7"
"197153","IT VETS INT SVC NTWKS VISN 8"
"197154","IT VETS INT SVC NTWKS VISN 9"
"197155","IT VETS INT SVC NTWKS VISN 10"
"197156","IT VETS INT SVC NTWKS VISN 11"
"197160","DIR REG 4"
"197161","IT VETS INT SVC NTWKS VISN 1"
"197162","IT VETS INT SVC NTWKS VISN 2"
"197163","IT VETS INT SVC NTWKS VISN 3"
"197164","IT VETS INT SVC NTWKS VISN 4"
"197165","IT VETS INT SVC NTWKS VISN 5"
"197170","O/I&T O/FIELD OPER VBA O&M IT"
"197180","O/I&T O/FIELD OPER HAC CFO OFC"
"197190","O/I&T O/FIELD OPER EMPL ED SYS"
"197200","SERVICE MGMT OFFICE (SMO)"
"197210","SMO DIRECTORS OFFICE"
"197220","SMO BUSINESS OFFICE"
"197230","SMO ITSM TOOL MGMT"
"197240","SMO SERV QUALITY MGMT"
"197250","SMO PARTNER MGMT"
"197260","SMO ITIL PROCESS MGMT"
"197300","OFFICE OF SYSTEMS ENGINEERING"
"197310","O/I&T OFC SYSTEMS ENGINEERING"
"197320","O/I&T OFC SYS ENG/ENTR MGT CTR"
"197330","O/I&T OFC SYS ENG/SYS DEVSEC"
"197400","SVC MGMT & PLANNG"
"197410","PERSONNEL ADMIN OFFICE"
"197411","DIRECTORS OFFICE"
"197420","COMM ACTIONS REPORTING"
"197421","SECURITY MANAGEMENT ANALYTIC"
"197422","PROGRAM ADMINISTRATION"
"197430","FISCAL OFFICE"
"197440","SERVICE DELIVERY MGMT"
"197450","WORKFORCE ADMIN OPERATIONS"
"197460","ENTERPRISE INFRASTRUCTURE SO"
"197470","SERVICE IMPROV AND RISK MGMT"
"197500","I&T VACO STAFF & PROGRAM OFC"
"197510","I&T VACO STAFF & PROGRAM OFC"
"197520","NAT CAP REG"
"197600","I&T OFFICE OF TELECOM"
"197610","I&T OFFICE OF TELECOM DIR"
"197620","I&T OFFICE OF TEL DEP DIR"
"197630","I&T OFC OF TELC/ENT TRSPRT SVC"
"197640","I&T OFC OF TELC/ENT CUST SVC"
"197650","I&T OFC OF TELC/ENT BUS SUPPRT"
"197660","I&T OFC OF TELC/CONFERENCE OP"
"197700","SERVICE OPERATIONS"
"197710","DISTRICT 1 NORTH ATLANTIC DIST"
"197720","DISTRICT 2 SOUTHEAST DISTRICT"
"197730","DISTRICT 3 MIDWEST DISTRICT"
"197740","DISTRICT 4 CONTINENTAL DIST"
"197750","DISTRICT 5 PACIFIC DISTRICT"
"197760","ENTERPRISE COMMAND OPERATIO"
"197761","BUSINESS OFFICE"
"197763","ENTERPRISE COMMAND CENTER"
"197764","ENTERPRISE SERVICE DESK"
"197765","INCIDENT & PROBLEM MANAGEMEN"
"197766","ENTERPRISE COM OP LEADERSHIP"
"197770","SVC QUALITY & SUPPORT"
"197771","END USER OPS DIRECTORS"
"197780","ITOPS, EUO, MID-ATL DISTRICT 6"
"197800","FIELD OPS REG SERVICE LINES"
"197820","DIR, ENTERPRISE SERVICE LINE"
"197825","CORE SERVICE LINE"
"197830","REGION 1 - CHIEF TECHNOLOGY OF"
"197831","REGION 1 - APPLICATIONS"
"197832","REGION 1 - BUSINESS SYSTEMS"
"197833","REGION 1 - CORE SYSTEMS"
"197834","REGION 1 - INFRASTRUCTURE"
"197835","REGION 1 - SERVICE SUPPORT"
"197840","REGION 2 - CHIEF TECHNOLOGY OF"
"197841","REGION 2 - APPLICATIONS"
"197842","REGION 2 - BUSINESS SYSTEMS"
"197843","REGION 2 - CORE SYSTEMS"
"197844","REGION 2 - INFRASTRUCTURE"
"197845","REGION 2 - SERVICE SUPPORT"
"197850","REGION 3 - CHIEF TECHNOLOGY OF"
"197851","REGION 3 - APPLICATIONS"
"197852","REGION 3 - BUSINESS SYSTEMS"
"197853","REGION 3 - CORE SYSTEMS"
"197854","REGION 3 - INFRASTRUCTURE"
"197855","REGION 3 - SERVICE SUPPORT"
"197860","REGION 4 - CHIEF TECHNOLOGY OF"
"197861","REGION 4 - APPLICATIONS"
"197862","REGION 4 - BUSINESS SYSTEMS"
"197863","REGION 4 - CORE SYSTEMS"
"197864","REGION 4 - INFRASTRUCTURE"
"197865","REGION 4 - SERVICE SUPPORT"
"197900","SOLUTION DELIVERY"
"197910","BUSINESS SYSTEMS ENGINEERING"
"197920","ENDPOINT ENGINEERING"
"197930","INFRASTRUCTURE ENGINEERING"
"197940","SECURITY ENGINEERING"
"197950","SOLUTION DELIVERY BUSINESS OFF"
"197960","UNIFIED COMM INFRAST SUPPORT"
"198000","PD DEPUTY CIO"
"198010","PD BUS OFF"
"198020","PD PROJ MGT SVC"
"198030","PD DEV MGT SVC"
"198031","PD DEV MGT SVC LGY"
"198032","PD DEV MGT SVC INS"
"198033","PD DEV MGT SVC SF"
"198034","PD DEV MGT SVC508 COMPLIANCE"
"198040","PD PROD SUP SVC"
"198041","PD PROD SUP SVC LGY"
"198042","PD PROD SUP SVC INS"
"198043","PD PROD SUP SVC SF"
"198044","PD PROD SUP SVC FF"
"198050","PMAS BUSINESS OFFICE"
"198100","FOR FUTURE USAGE ONLY"
"198110","VETS HLTH IT PROGRM EXEC OFC"
"198200","FOR FUTURE USAGE ONLY"
"198210","VETS BENFTS IT PROG EXEC OFC"
"198300","FOR FUTURE USAGE ONLY"
"198310","VA RESOURCES MGT IT PROG EX O"
"198400","OED INTEGRATION PROGRAM OFFI"
"198410","VA IT INTEGRTN PROG EXEC OFC"
"198500","VA TIME & ATTENDANCE RPLCT SYS"
"198510","OFFICE OF MEMORIAL AFFAIRS"
"198600","ENTERPRISE PROJ. MGMT OFC."
"198601","EPMO - REIMBURSABLE AUTHORITY"
"198602","EPMO - LOAN GUARANTY"
"198603","EPMO - SUPPLY FUND"
"198604","EPMO - INSURANCE"
"198605","EPMO - CIO TRAVEL COST"
"198606","EPMO PROJ SPEC FORCES TRAVEL"
"198610","LEAN SYSTEMS ENGINEERING"
"198611","LSE-REIMBURSABLE AUTHORITY"
"198612","LSE-LOAN GUARANTY"
"198613","LSE-SUPPLY FUND"
"198614","LSE-INSURANCE"
"198615","EPMO - HCM TRAVEL COST"
"198620","TRANSITION RELEASE AND SUPPOR"
"198621","TRS-REIMBURSABLE AUTHORITY"
"198622","TRS-LOAN GUARANTY"
"198623","TRS-SUPPLY FUND"
"198624","TRS-INSURANCE"
"198630","ENTERPRISE PORTFOLIO MGMT DIV"
"198631","EPM-REIMBURSABLE AUTHORITY"
"198632","EPM-LOAN GUARANTY"
"198633","EPM-SUPPLY FUND"
"198634","EPM-INSURANCE"
"198640","APPLICATION MANAGEMENT"
"198641","APP MGMT-REIMBURSABLE AUTH"
"198642","APP MGMT-LOAN GUARANTY"
"198643","APP MGMT-SUPPLY FUND"
"198644","APP MGMT-INSURANCE"
"198650","DEMAND MANAGEMENT DIVISION"
"198651","INT AND ANALYSIS-REIMB AUTH"
"198652","INT AND ANALYSIS-LOAN GUARANT"
"198653","INT AND ANALYSIS-SUPPLY FUND"
"198654","INT AND ANALYSIS-INSURANCE"
"198660","FMBT PROGRAM OFFICE"
"198670","ELECTRONIC HEALTH RECORD MAN"
"198680","EPMO DIGITAL SERVICES DSVA"
"198700","OED PROGRAM MANAGEMENT"
"198800","OED SOFTWARE DEVELOPMENT"
"198900","OED SOFTWARE ENGINEERING"
"199100","FINANCIAL TECHNOLOGY SERVICE"
"199110","IT & TELCOM CST  FRANCHIS FND"
"250000","AS CONGRESS&LEGISLTV AFFRS"
"250100","AS CONGRESS&LEGISLTV AFFRS"
"251000","DEPASST SEC/CONGRESIONAL AFF"
"253000","OFFICE OF TRIBAL RELATIONS"
"254000","DAS INTERGOVERNMENTAL AFFAIR"
"255000","DAS FOR LEGISLATIVE AFFAIRS"
"290000","OPRTNS SECURITY & PREPAREDNE"
"290100","OPRTNS SECURITY & PREPAREDNE"
"290500","RESOURCE MANAGEMENT"
"291000","SECURITY & LAW ENFORCEMENT"
"291100","LAW ENFORCEMNT TRNG CTR - FF"
"291200","SECURITY - FRANCHISE FUND"
"291300","POLICE SERVICE"
"291400","POLICE OVERSIGHT & INVESTIGATI"
"291500","EXECUTIVE PROTECTION"
"291600","POLICY & INFRASTRUCTURE PROTE"
"291700","INTELLIGENCE & CRIME ANALYS"
"292000","LE TRNG/SEC INVESTIGATION CNTR"
"292100","LAW ENFORCEMENT TRNG CENTER"
"292200","SEC AND INVESTIGATION CNTR"
"293000","OFFICE OF EMERGENCY MANAGEM"
"293100","PLANNING AND NATIONAL SEC SVC"
"293200","PLANNING SERVICE"
"293300","NATIONAL SEC COORDINATION SVC"
"294000","OPERATIONS SERVICE (SITE A-E)"
"294100","SITE A OPERATIONS"
"294200","SITE B OPERATIONS"
"294300","SITE C OPERATIONS"
"294400","SITE D OPERATIONS"
"294500","SITE E OPERATIONS"
"294600","OFC PERSONNEL SEC/IDENTY MGM"
"295000","HSPD - 12 BUSINESS OFFICE"
"295100","PERSONNEL SEC & SUITABILITY"
"295200","VACO BADGING OFFICE"
"295300","IDENTITY, CRED & ACCESS MPO"
"296000","EMERGENCY MGT & RESILIENCE"
"296100","PLANS EXERCISE TRN & EVAL"
"296200","OPS & NATIONAL SECURITY SER"
"296300","VA INTEGRATED OPS CENTER"
"297000","IDENTITY CREDENT & ACCESS MGT"
"297100","OFC ACCESS & IDENTITY MGT"
"297200","ACCESS MANAGEMENT"
"297300","IDENTITY MANAGEMENT"
"297400","OFC PERS SECURI & CREDENT MGT"
"297500","PERSONNEL SECURITY"
"297600","CREDENTIAL MANAGEMENT"
"298000","POLICE MODERNIZATION"
"301700","OFFICE OF BUSINESS INTEGRATION"
"301711","BUS. TRANSFORMATION SERVICES"
"301714","BUSINESS INVESTMENT MANAGEME"
"301715","BENEFITS MANAGEMENT SERVICES"
"344000","HEADSTONES & MARKERS"
"642600","OAL-PPSO-PROC GUID INSTR SVC"
"110260","GREEN MANAGEMENT"
"110261","FLEET MANAGERS"
"110262","GREEN MANAGERS"
"110263","ENERGY MANAGERS"
"110264","GREEN VEHICLES"
"720000","DIRECT MEDICAL CARE"
"720100","MEDICAL SERVICE"
"720200","SURGICAL SERVICE"
"720300","PSYCHIATRY SERVICE"
"720400","PRIMARY CARE"
"720500","DOMICILIARY CARE"
"720700","GERIATRICS & EXTENDED CARE"
"721000","CAREGIVER SUPPORT PROGRAM"
"721100","DIALYSIS"
"721200","ANESTHESIOLOGY"
"721600","CAREGIVER STIPENDS"
"721700","HMLESS VET COMP SVC PR ACT 92"
"721800","GRANTS SUPP SVC LOW INCOME V"
"721900","GRANTS FOR RURAL TRANS PROGR"
"722000","CONTRACT BED CARE"
"722100","SOCIAL SERVICE"
"722200","DIAGNOSTIC RADIOLOGY"
"722300","PATHOLOGY & LABORATORY MED S"
"722400","PHARMACY"
"722500","MEDICAL MEDIA PRODUCTION"
"722600","LIBRARIES"
"722700","PSYCHOLOGY SERVICE"
"722800","AUDIOLOGY & SPEECH PATHOLOGY"
"722900","NUCLEAR MEDICINE"
"723100","PODIATRY"
"723200","OPTOMETRY SERVICE"
"723300","SPINAL CORD INJURY SERVICE"
"723400","GERIATRIC RESEARCH EDUCATION"
"723500","NEUROLOGY"
"723600","DERMATOLOGY"
"723700","RADIATION THERAPY"
"724000","MENTAL ILLNS RESEARCH EDUC"
"724100","NURSING SERVICE"
"724200","PHYSICAL,MED.&REHABILITATION"
"724300","NUTRITION AND FOOD SERVICES"
"724400","CHAPLAINS"
"724500","BLIND REHABILITATION"
"724600","RECREATION SERVICE"
"724700","READJUSTMENT COUNSELING"
"724800","DENTAL SERVICE"
"725000","CARE COORDINATION TELEHEALTH"
"725200","CENTRAL DENTAL LABORATORY"
"725400","SUICIDE PREVENTION COORDINATO"
"725500","BIOMEDICAL ENGINEERING"
"726500","DEN ACQUIS & LOGISTICS CTR"
"726600","ORTHOPEDIC SHOE SERVICE"
"726900","GENERAL REFERENCE LABORATOR"
"727000","EHRM CLINICAL SUPPORT"
"727200","PROSTHETIC ACTIVITY"
"727300","ORTHOTICS LABORATORIES"
"727400","RESTORATIONS CLINIC"
"727500","OPTICAL LABS"
"728100","SUPPLY PROCESSING & DISTR"
"728500","WARD ADMINISTRATION SECTION"
"728600","CARE COORDINATION MANAGEMEN"
"729600","HOME IMPROV & STRUCTURAL ALT"
"729700","COMPENSATED WORK THERPY PG"
"729800","PATIENT CARE TRAVEL"
"729900","CARE OF THE DEAD"
"730000","DIRECT MEDICAL CARE - NON-FHCC"
"731000","COMPLEMENTARY & INTEGRATIVE"
"731100","CIVIL HOSPITALS"
"731300","MUNICIPAL AND STATE HOSPITALS"
"731700","CIVILIAN HEALTH & MED PROG, VA"
"732100","U.S. ARMY HOSPITALS"
"732200","U.S. AIR FORCE HOSPITALS"
"732300","U.S. NAVY HOSPITALS"
"732400","NATIONAL CAPITAL REGION HOSPIT"
"732500","INDIAN SVC(IHS)/TRIBAL PG(THP)"
"732600","CAMP LEJEUNE HLTH CARE BENEFI"
"732900","ALL OTHER - FEDERAL HOSPITALS"
"733100","DOMICILIARY CARE-STATE HOMES"
"733300","ADULT DAY HLTH CARE-OTHER"
"733400","ADULT DAY HLTH CARE-STATE HMS"
"733800","RESIDENTIAL CARE"
"733900","ADULT DAY HLTH CARE - PRSH"
"734000","NURSING HOME PREVAILING RATES"
"734100","NURSING HOME CARE-STATE HOME"
"734200","NURSING HOME CARE-COMM. HOM"
"734300","HOMEMAKER HM HLTH AID SVCS PT"
"734500","CONTRACT HOME HOSPICE"
"734600","CONTRACT HOME INFUSION"
"734700","CONTR HM SKILLED CARE/OVRSIGH"
"734800","CONTRACT HOME MNTL HLTH CARE"
"735100","POST-HOSPITAL CARE-NON VA FED"
"736100","BEHAVIORAL HEALTH"
"736300","OUTPATIENT FEE MEDICAL"
"736400","CONTRACT DIALYSIS"
"736500","OUTPATIENT FEE DENTAL SERVICE"
"736600","OUTPATIENT FEE PHARMACEUTICA"
"736700","PROSTHETICS/DME"
"740000","ADMINISTRATIVE SUPPORT"
"740100","OFFICE OF THE DIRECTOR"
"740200","VETS HLTH INFO SYS TECH ARCH"
"740300","DIRECTION AND COORDINATION TN"
"740500","VOLUNTARY SERVICE"
"740700","POLICE SERVICE"
"740900","CHIEF OF STAFF"
"741100","BUSINESS OFFICE OPERATIONS"
"741200","MANAGED CARE"
"741300","CONTRACTUAL & FEE SERVICES"
"741500","COMMUNICATIONS"
"741600","TELECOMMUNICATIONS ACTIVITIES"
"741800","QUALITY & SYSTEMS IMPROVEMEN"
"741900","QUALITY ASSURANCE & CASE MIX"
"742100","FINANCE"
"742500","LEGAL OFFICE"
"742600","HEALTH CARE BUS ANALYSIS"
"742800","NON-FHCC ACTIVITY SUPPORT"
"742900","DIAGNOSTICS COORDINATION"
"743000","AMBULATORY MEDICAL CARE"
"743100","HUMAN RESOURCES MANAGEMENT"
"743200","COMPLIANCE PROGRAM OFFICE"
"744100","LOGISTICS AND MATERIAL MNGT"
"744200","ACQUISITIONS AND CONTRACTING"
"744500","CONTRACT SERVICE CENTERS"
"745000","EHRM ADMINISTRATIVE SUPPORT"
"745100","PROSTHETIC ASSESSMENT & INFOR"
"745700","REVENUE CYCLE ACTIVITY"
"746000","DIRECTORATE RESOURCES"
"746100","DIRECTORATE BRANCH CLINIC"
"746200","DIRECTORATE PATIENT SERVICES"
"746300","DIRECTORATE DENTAL SERVICES"
"746400","DIRECTORATE PATIENT CARE"
"747000","PERSONAL SERVICES AND OTHER C"
"750000","ENGNRG&ENVIRONMTL MGMT SUP"
"750100","OFC OF CHIEF ENGINEERING SVC"
"750300","FACILITIES SAFETY OCCUPATIONAL"
"750400","PROJECT MANAGEMENT ENGINEERI"
"751100","PLANT OPERATIONS AND LEASES"
"752100","TRANSPORTATION"
"753200","FIRE PROTECTION UNIT"
"753300","GROUNDS MAINTENANCE"
"754000","ENGINEERING-MAINTENANCE REPAI"
"754100","RECURRING MAINTENANCE & REPAI"
"754200","NON-RECURRING MAINT. & REPAIR"
"755100","OPERATING EQUIPMENT -M & R"
"756100","ENVIRONMENTAL MANAGEMENT SV"
"756200","INTEGRATED PEST MGT OPERATIO"
"756300","GROUNDS MANAGEMENT OPERATI"
"756400","ENVIR SANITATION OPERATION"
"756500","BED SERVICES & PATIENTS ASSIST"
"756600","POLYTRUMA EQUIP UPGRADES"
"756700","WASTE MANAGEMENT OPERATIONS"
"757000","TEXTILE CARE PROCESSING"
"757100","TEXTILE MANAGEMENT"
"757400","DIRECTORATE FACILITY SUPPORT"
"757500","DESIGN MANAGEMENT"
"758000","EHRM FACILITY SUPPORT"
"760000","MISC BENEFITS AND SERVICES"
"760400","OPERATION/MAINT OF CEMETERIES"
"760500","OPN OF CONTINUING EDU FLD UNIT"
"761000","CIO FIELD OFFICES"
"761600","EMERGENCY MED STRATEGIC HC G"
"761800","VETERANS TRANSPORTATION PRO"
"762300","OPER/MAINT GARAGES & PARKING"
"763100","EMP INSURANCE & INDEMN CLAIMS"
"763200","CANTEEN"
"765200","VETERANS INTEGRATED SERV NET"
"765300","VISN-SUPPORT SERVICES CENTER"
"766000","VA/DOD SHARING PERSONNEL"
"767200","BUILDING DEPRECIATION"
"768100","EQUIPMENT DEPRECIATION-CDR"
"770000","FHCC MEDICAL CARE DOD ONLY"
"770100","MEDICAL INPATIENT"
"770200","CARDIOLOGY"
"770300","ENDOCRINOLOGY"
"770400","GASTROENTEROLOGY"
"770500","ONCOLOGY"
"770600","INFECTIOUS DISEASE"
"770700","NEPHROLOGY"
"770800","PULMONARY DISEASE"
"770900","RESPIRATORY THERAPY"
"771000","RHEUMATOLOGY"
"771100","EMERGENCY MEDICAL CARE"
"771200","PEDIATRICS"
"772000","PACU"
"772100","OPERATING ROOM"
"772200","AMBULATORY GENERAL SURGERY"
"772300","ENT"
"772400","UROLOGY"
"772500","VASCULAR CLINIC/LAB"
"772600","GYNECOLOGY"
"772700","ORTHOPEDIC"
"772800","OPHTHALMOLOGY"
"772900","PAIN MANAGEMENT"
"773000","PSYCHIATRY INPATIENT-PROF."
"773100","NEUROPSYCHOLOGY"
"773200","MENTAL HEALTH"
"773300","TRANSITION CASE MANAGEMENT"
"774100","AMBULATORY MED CARE - PRIMARY"
"774200","AMBULATORY MED CARE - INT MED"
"774300","AMBULATORY MED CARE - EMPL HL"
"774400","AMBULATORY MED CARE - OCC HLT"
"774500","SPECIAL MEDICAL EXAMS"
"774600","WOMEN'S CLINIC"
"774700","FAMILY PRACTICE"
"775000","LABORATORY - ANATOMICAL"
"775100","BLOOD DONOR CENTER"
"775200","RADIATION SAFETY"
"776000","CARE COORD/CASE MANAGEMENT"
"779100","MILITARY READINESS"
"779200","PHYSICAL READINESS TRAINING"
"779300","PREVENTIVE MEDICINE"
"779400","HEARING CONSERVATION"
"779800","PATIENT CARE TRAVEL - DOD"
"797100","INFORMATION TECHNOLOGY FHCC"
"800000","VETERANS HEALTH ADMINISTRATIO"
"800100","UNDER SECRETARY FOR HEALTH"
"800200","ADUS ADMINISTRATION OPERATION"
"800300","VHA PROCUREMENT AND LOGISTIC"
"800400","DEPUTY UNDER SEC FOR HLTH/OP"
"800500","DEPUTY UNDER SEC HLTH.POL&SV"
"800600","ASST DEP UNDER SEC CLINIC OPER"
"800700","STRATEGIC ASSET MANAGEMENT"
"800800","OFFICE OF HEALTH EQUITY"
"800900","VA/DOD HEALTH AFFAIRS"
"801000","BUSINESS OPERATIONS"
"801100","COMPLIANCE & BUSINESS INTEGRIT"
"801200","PATIENT CENTERED CARE"
"801300","DUSH ORGANIZATIONAL EXCELLEN"
"801400","NATIONAL CENTER FOR ETHICS HT"
"801500","ADUSH FOR QUALITY SAFETY"
"801600","NETWORK SUPPORT"
"801700","WOMEN'S VETERANS HEALTH"
"801800","OFFICE OF HEALTHCARE TRANSFO"
"801900","UTILIZATION MANAGEMENT"
"802000","HEALTHCARE ENGINEERING"
"802100","PROSTHETIC & SENSORY AID SVC"
"802200","PRODUCT EFFECTIVENESS"
"802300","ACCESS & CLINIC ADMINIST PGM"
"802400","RURAL HEALTH OPERATIONS"
"802500","ACADEMIC AFFILIATION OFFICE"
"802600","CHIEF RESEARCH & DEVELOPMT OF"
"802700","VHA OFFICE OF DENISTRY"
"802800","HIGH RELIABILITY SYSTEMS"
"802900","POST DEPLOYMENT HEALTH SERVI"
"803000","READJUSTMERNT COUNSELING SV"
"803100","OFC OF POLICY AND PLANNING"
"803200","VHA OFF HLTH INFOMATICS & ANAL"
"803300","CTR FOR DEV & CIVIC ENGAGEMEN"
"803400","VHA OFF HLTH INFO VACO OPS"
"803500","WORKFORCE MGMT & CONSULTING"
"803600","OFFICE OF QUALITY & PERFORMAN"
"803700","OFC OF FINANCE"
"803800","RESOURCE MANAGEMENT OFFICE"
"803900","VA RURAL HEALTH RES/CNTR WR"
"804000","FINANCIAL MANAGEMENT OFFICE"
"804100","FINANCIAL ASSISTANCE OFFICE"
"804200","MANAGERIAL COST ACCT OFFICE"
"804300","RESOURCE SHARING OFFICE"
"804400","FEDERAL RECOVERY COORDINATIO"
"804600","EMPLOYEE EDUCATION SYSTEM"
"804700","OFFICE OF MEDICAL INSPECTOR"
"804800","OFFICE OF RESEARCH OVERSIGHT"
"804900","NATIONAL CENTER PATIENT SAFET"
"805000","CHIEF IMPROVEMENT OFFICE"
"805100","COMMUNITY CARE"
"805200","CONNECTED CARE OFFICE"
"805300","ADUSH FOR INTEGRITY"
"805400","INTERNAL AUDIT"
"805500","CAP ASSET REALIGN TO ENH SVC"
"805600","OFFICE OF HOMELESSNESS"
"805700","PRIMARY CARE OPERATIONS"
"805800","MENTAL HEALTH OPERATIONS"
"805900","WORKFORCE SERVICES"
"806000","SUPPLY PROCESSING AND DIST"
"806100","INFORMATION MANAGEMENT OFFIC"
"806200","SURGICAL SERVICES OPERATIONS"
"806300","GERIATRICS & EXTENDED CARE OP"
"806400","CAPITAL ASSET MANAGEMENT"
"806500","OCCUPATIONAL SAFETY & HLTH MG"
"806600","HC ENVIRONMENTAL & FACILITIES"
"806700","SYSTEMS REDESIGN/IMPR"
"806800","EMERGENCY MANAGEMENT"
"806900","UNALLOCATED OVERHEAD EXPENS"
"807000","OFC OF PATIENT CARE SVCS OFCR"
"807100","FORENSIC MEDICINE STRAT HLTHC"
"807200","DISABILITY AND MEDICAL ASSEMNT"
"807300","TELEMEDICINE"
"807400","CARE MANAGEMENT & SOCIAL WOR"
"807500","SPECIALITY CARE SERVICES"
"807600","PRIMARY CARE SERVICES"
"807700","PROSTH & SENSORY AIDS SVC SHG"
"807800","GERIATRICS AND EXTENDED CARE"
"807900","DIAGNOSTIC SERVICES"
"808000","MENTAL HEALTH SHG"
"808100","REHABILITATION"
"808200","NURSING"
"808300","PHARMACY BENEFITS MANAGEMEN"
"808400","ENVIRONMENTAL PROGRAMS"
"808500","HEALTH CARE TECHNOLOGY MGMT"
"808600","SPINAL CORD INJURY & DISORDER"
"808700","OCCUPATIONAL HEALTH SERVICES"
"808800","POPULATION HEALTH SERVICES"
"808900","GAO/OIG ACCOUNTABILITY"
"809000","CLINICAL SYST DEVELOP AND EVAL"
"809100","HEALTH CARE OPERATIONS"
"809200","HLTHCARE LEADERSHIP TALENT IN"
"809300","COMMUNITY ENGAGEMENT"
"809400","SUICIDE PREVENTION"
"809500","OFFICE OF PATIENT ADVOCACY"
"809600","DISCOVERY, EDUC & AFFI NETWOR"
"809700","NAT'L CENTER FOR ORG. DEVELOP"
"809800","INNOVATION OFFICE"
"809900","GRANTS PRG/CNST STATE EXT CAR"
"810000","RESEARCH"
"810100","ADMIN. & COMMON RESEARCH"
"810200","COMMON RESEARCH SUPPORT"
"810300","BIOMEDICAL RESEARCH PROJECT"
"810400","INVESTIGATOR SALARIES"
"810500","ANIMAL RESEARCH FACILITIES"
"810600","SPECIAL RESEARCH LABS & PROGR"
"810700","COOPERATIVE STUDIES"
"810800","CAREER DEVELOPMENT PROGRAM"
"810900","OTHER DESIGNATED RESEARCH"
"811000","RESEARCH CAREER SCIENTISTS"
"811200","RSRCH COMPLNC & ASSUR REGNL"
"811900","EXTERNAL RESEARCH GRANTS"
"812000","REHAB. MEDICAL RESEARCH"
"812100","CO FOR PROSTHETICS RESEARCH"
"812200","PROSTHETICS R&D ACTIV.NON-8124"
"812300","VA PROSTHETICS RES & DEV CTR"
"812400","ALL OTHER INTRA-REHAB & R & D"
"812500","BIOMEDICAL ENGINEERING RES.SV"
"813200","AGENT ORANGE"
"813300","ADMINISTRATION"
"813400","R & D IN HEALTH SERVICES"
"815000","COOP STUDIES RESEARCH PROGR"
"820000","VA MED CARE - VA FACILITY"
"820100","MEDICAL SERVICE"
"820200","SURGICAL SERVICE"
"820300","PSYCHIATRY SERVICE"
"820400","PRIMARY CARE"
"820500","DOMICILIARY CARE"
"820700","GERIATRICS & EXTENDED CARE"
"821000","CAREGIVER SUPPORT PROGRAM"
"821100","DIALYSIS"
"821200","ANESTHESIOLOGY"
"821500","CLINICAL PROGRAMS"
"821600","CAREGIVER STIPENDS"
"821700","HMLESS VET COMP SVC PR ACT 92"
"821800","GRANTS SUPP SVC LOW INCOME V"
"821900","GRANTS FOR RURAL TRANS PROGR"
"822000","CONTRACT BED CARE"
"822100","SOCIAL WORK SERVICE"
"822200","DIAGNOSTIC RADIOLOGY"
"822300","PATHOLOGY & LABORATORY MED S"
"822400","PHARMACY"
"822500","MEDICAL MEDIA PRODUCTION"
"822600","LIBRARIES"
"822700","PSYCHOLOGY SERVICE"
"822800","AUDIOLOGY & SPEECH PATHOLOGY"
"822900","NUCLEAR MEDICINE"
"823000","WAR REL ILLNESS & INJURY STUDY"
"823100","PODIATRY"
"823200","OPTOMETRY SERVICE"
"823300","SPINAL CORD INJURY SERVICE"
"823400","GERIATRIC RESEARCH EDUC & CLIN"
"823500","NEUROLOGY"
"823600","DERMATOLOGY"
"823700","RADIATION THERAPY"
"824000","MENTAL ILLNS RESRCH EDUC & CLN"
"824100","NURSING SERVICE"
"824200","PHYSICAL,MED.&REHABILITATION"
"824300","NUTRITION AND FOOD SERVICES"
"824400","CHAPLAINS"
"824500","BLIND REHABILITATION"
"824600","RECREATION SERVICE"
"824700","READJUSTMENT COUNSELING"
"824800","DENTAL SERVICE"
"825000","CARE COORDINATION/HOME TELHL"
"825200","CENTRAL DENTAL LABORATORY"
"825400","SUICIDE PREVENTION COORDINATO"
"825500","BIOMEDICAL ENGINEERING"
"826500","DEN ACQUIS & LOGISTICS CTR"
"826600","ORTHOPEDIC SHOE SERVICE"
"826900","GENERAL REFERENCE LABORATOR"
"827000","EHRM CLINICAL SUPPORT"
"827200","PROSTHETIC ACTIVITY"
"827300","ORTHOTICS LABORATORIES"
"827400","RESTORATIONS CLINIC"
"827500","OPTICAL LABS"
"828100","SUPPLY PROCESSING & DISTR"
"828500","WARD ADMINISTRATION SECTION"
"828600","CARE COORDINATION MANAGEMEN"
"829600","HOME IMPROV & STRUCTURAL ALT"
"829700","COMPENSATED WORK THERPY PG"
"829800","PATIENT CARE TRAVEL"
"829900","CARE OF THE DEAD"
"830000","DIRECT MED CARE-NON-VA FACLTY"
"831000","COMPLEMENTARY & INTEGRATIVE"
"831100","CIVIL HOSPITALS"
"831300","MUNICIPAL AND STATE HOSPITALS"
"831700","CIVILIAN HEALTH & MED PROG, VA"
"832100","U.S. ARMY HOSPITALS"
"832200","U.S. AIR FORCE HOSPITALS"
"832300","U.S. NAVY HOSPITALS"
"832400","NATIONAL CAPITAL REGION HOSPIT"
"832500","INDIAN SVC(IHS)/TRIBAL PG(THP)"
"832600","CAMP LEJEUNE HLTH CARE BENEFI"
"832900","ALL OTHER - FEERAL HOSPITALS"
"833100","DOMICILIARY CARE-STATE HOMES"
"833300","ADULT DAY HLTH CARE-NOT ST HM"
"833400","ADULT DAY H/ CARE-STATE HOMES"
"833800","RESIDENTIAL CARE"
"833900","ADULT DAY H/ CARE PR-ST HOMES"
"834000","NURSING HOME CARE PR ST HOME"
"834100","NURSING HOME CARE B/C ST HOME"
"834200","NURSING HOME CARE-COMM. HOM"
"834300","HOMEMAKER HM HLTH AID SVCS PT"
"834500","CONTRACT HOME HOSPICE"
"834600","CONTRACT HOME INFUSION"
"834700","CONTR HM SKILLED CARE/OVRSIGH"
"834800","CONTRACT HOME MNTL HLTH CARE"
"835100","POST-HOSPITAL CARE-NON VA FED"
"836100","BEHAVIORAL HEALTH"
"836300","OUTPATIENT FEE MEDICAL"
"836400","CONTRACT DIALYSIS"
"836500","OUTPATIENT FEE DENTAL SERVICE"
"836600","OUTPATIENT FEE PHARMACEUTICA"
"836700","PROSTHETICS/DME"
"840000","ADMINISTRATIVE SUPPORT"
"840100","OFFICE OF DIRECTOR"
"840200","VETS HLTH INFO SYS TECH ARCH"
"840300","COOR VA TRNG PRGMS & CONT ED"
"840500","VOLUNTARY SERVICE"
"840700","POLICE SERVICE"
"840900","CHIEF OF STAFF"
"841100","HEALTH ADMINISTRATION SERVICE"
"841300","CONTRACTUAL & FEE SERVICES"
"841600","TELECOMMUNICATIONS ACTIVITIES"
"841800","QUALITY & SYSTEMS IMPROVEMEN"
"841900","QUALITY ASSURANCE & CASE MIX"
"842100","FINANCE"
"843100","HUMAN RESOURCES MANAGEMENT"
"843200","COMPLIANCE PROGRAM OFFICE"
"844100","LOGISTICS"
"844200","ACQUISITION AND CONTRACTING"
"845000","EHRM ADMINISTRATIVE SUPPORT"
"845700","REVENUE CYCLE ACTIVITY"
"847000","INFORMATION RESOURCES MGMT"
"850000","ENGNRG&ENVIRONMTL MGMT SUP"
"850100","OFC OF CHIEF ENGINEERING SVC"
"850300","FACILITY SAFETY & FIRE PROTECT"
"850400","PROJECT MANAGEMENT ENGINEERI"
"850500","FLEET MANAGERS"
"850600","GREEN MANAGERS"
"850700","ENERGY MANAGERS"
"851100","PLANT OPERATIONS AND LEASES"
"852100","TRANSPORTATION"
"853200","FIRE PROTECTION UNIT"
"853300","GROUNDS MAINTENANCE"
"854000","ENGINEERING-MAINTENANCE REPAI"
"854100","RECURRING MAINT & REPAIR"
"854200","NON-RECURRING MAINT & REPAIR"
"855100","MAINTENANCE AND REPAIR"
"856100","ENVIRONMENTAL MANAGEMENT SV"
"856200","INTEGRATED PEST MGT OPERATIO"
"856400","ENVIR SANITATION OPERATION"
"856500","BED SERVICES & PATIENTS ASSIST"
"856600","POLYTRUMA EQUIP UPGRADES"
"856700","WASTE MANAGEMENT OPERATIONS"
"857000","TEXTILE CARE PROCESSING"
"857100","TEXTILE MANAGEMENT"
"857500","DESIGN MANAGEMENT"
"858000","EHRM FACILITY SUPPORT"
"860000","MISC BENEFITS AND SERVICES"
"860400","OPERATION/MAINT OF CEMETERIES"
"860500","OPN OF CONTINUING EDU FLD UNIT"
"861000","CIO FIELD OFFICES"
"861200","HEC OVERHEAD"
"861300","HEC INCOME VERIFICATION"
"861400","HEC ENROLLMENT"
"861500","ADMINSTRATIVE PROGRAMS"
"861600","EMERGENCY MED STRATEGIC HC G"
"861800","VETERANS TRANSPORTATION PRO"
"861900","VETERANS POINT OF SERVICE"
"862000","MEMBER SERVICES ADMINISTRATIV"
"862300","OPER/MAINT GARAGES & PARKING"
"863100","EMP INSURANCE & INDEMN CLAIMS"
"863200","CANTEEN"
"865200","VISN-DIRECTORS OFFICE"
"865300","VISN-SUPPORT SERVICES CENTER"
"865800","CBO WORKFORCE MANAGEMENT ("
"865900","MEMBER SERVICES (MS) HRC & PS"
"866000","VA/DOD SHARING PERSONNEL"
"866100","DELIVERY OPERATIONS"
"866200","DO CLAIMS ADJUDICATION & REIMB"
"866300","DELIVERY OPER - CLINICAL INTEG"
"866400","DELIVERY OPERATIONSRESOURCE"
"866500","DO PROVIDER RELATIONS & SERVIC"
"866600","DO FAM MEM & SPECIAL VET PROG"
"866700","DELIVERY OPERATIONS FINANCE"
"866800","DO CHOICE ACT SUPPORT"
"866900","PC COMMUNITY CARE OPERATIONS"
"868100","EQUIPMENT DEPRECIATION-CDR"
"868200","BUILDING DEPRECIATION-CDR"
"870000","ANNUAL CLOSE PROCESSING"
"880000","GENERAL POST FUND"
"880100","RECREATIONAL FACILITIES"
"880200","RELIGIOUS FACILITIES"
"880300","RESEARCH FACILITIES"
"880400","MEDICAL & OTHER FACILITIES"
"881100","RECREATIONAL EQUIPMENT"
"881200","ECCLESIASTICAL EQUIPMENT"
"881300","RESEARCH EQUIPMENT"
"881400","MEDICAL & OTHER EQUIPMENT"
"882100","RESEARCH SUPPLIES & SERVICES"
"882200","MED & OTHER NON-RECREATIONAL"
"883100","RENTAL OR LEASE OF REC EQUIP"
"883200","HIRE OF ENTERTAINERS"
"883300","RECREATIONAL ACTIVITIES-SUPPLI"
"883400","REC ACTIVITIES-REPAIRS & SVC"
"883500","RECREATIONAL- PERSONAL COMFO"
"884100","RELIGIOUS ACTIVITIES-SUPPLIES"
"884200","RELIGIOUS ACTV-REPAIR&PRINT SV"
"885000","HOUSING RELATED EXPENSES"
"885100","HOUSING UTILITIES"
"885200","HOUSING MAINTENANCE"
"885300","HOUSING SUBSISTENCE"
"885400","HOUSING FURNISHINGS"
"885500","HOUSING APPLIANCES"
"885600","HOUSING SERVICE EQUIPMENT"
"885700","HOUSING COST OF SALES"
"885800","HOUSING PURCHASES"
"885900","ALL OTHER"
"886000","CREDIT REFORM"
"886100","CREDIT REFORM (36X8126)"
"886200","CREDIT REFORM (36X8128)"
"890000","REVOLVING FUNDS"
"891100","DISASTER RELIEF FUND(36X0160)"
"899000","VETERANS CANTEEN SERVICE"
"300000","VETERANS BENEFITS ADMINISTRAT"
"301000","VBA-EXECUTIVE DIRECTION"
"301010","VBA OFFICE OF CORP. COMM."
"301011","VBA OFC/UNDER SECRETARY"
"301012","VBA OFFICE OF EXEC REVIEW"
"301013","VBA OFC PRG INTEG INT CONTROL"
"301014","CHIEF PRODUCTION OFFICE"
"301015","NATIONAL WORK QUEUE OFFICE"
"301016","VBA OFC OF CORP COMM"
"301100","VBA-ADUS FOR POLICY AND PROGR"
"301200","THE ACQUISTION STAFF"
"301300","VBA-ASSC DPTY UND SEC FIELD OP"
"301310","OFO OPERATIONS MANAGEMENT"
"301311","OFO OPERATIONS CENTER"
"301313","OFFICE OF FIELD OPERATIONS"
"301314","OFO OFFICE OF CLIENT RELATIONS"
"301320","NATIONAL WORK QUE"
"301330","NATIONAL CALL CENTER PMO"
"301400","VBA-EQUAL OPPORTUNITY PROG O"
"301410","OFF DIVERSITY MGMT&EQUAL EMPL"
"301500","OFFICE OF MISSION SUPPORT"
"301511","OMS-BUSINESS MGMT. OPERATION"
"301512","OMS-ADMINISTRATION"
"301513","OMS-EMERGENCY PREPAREDNESS"
"301514","OMS-FACILITIES"
"301600","VBA-OFC PERFRMNC ANALYSS&INT"
"301710","DIRECTORS OFFICE"
"301712","BENEFITS SYSTEM MANAGEMENT"
"301713","EXECUTIVE MANAGEMENT OFFICE"
"301800","MGT SYS PROG MGT PERSONNEL"
"301810","VBMS PMO OFFICE OF THE DIR"
"301811","VBMS BENEFITS DELIVERY MGT"
"301812","VBMS PGM ADMN&INV MGT"
"301813","VBMS PGM MGT & CONTROLS"
"301814","VBMS STAKEHOLDER&ORG CHNG M"
"301815","VBMS BUSINESS PROCESS MGMT"
"301900","VBA OSIC EXE. DIRECTOR"
"302000","VBA-ECONOMIC REC ACT CLAIM PE"
"302024","VBA ECON REC REINV TMP CALL CT"
"302100","VBA-ECONOMIC REC ACT ADMIN SP"
"302200","ECON RECOV AND REINVS ACT/EDU"
"302220","ECONRECONREIVACTEDUCPTARRA"
"302221","ECONRECONREIVACTCLAIMSARRA"
"302222","ECONRECONREIVACTEDCLKARRA"
"302223","ECONRECONREIVACTEDCETRRA"
"302300","OFF. TRANSITION&ECONOMIC DEV."
"302400","VBA CUSTOMER SERVICE CENTERS"
"302401","EASTERN NORTH CAROLINA EXT"
"302500","ECON RECOV AND REINVEST ACT/C"
"302522","ECON RECOV AND REINVEST CPPS"
"302524","ECON RECOV AND REINVEST CPTS"
"302600","FLEET MANAGERS"
"302610","GREEN MANAGERS"
"302620","ENERGY MANAGERS"
"302630","GREEN VEHICLES"
"302700","VA SOLID START"
"302982","NPCC-NATIONAL PENSION CALL CE"
"303000","NATIONAL CALL CENTER"
"303046","VBANCC"
"303080","NCC-NATIONAL CALL CENTERS"
"303100","VBA-SOC.SECURITY ADMIN. DIV."
"303200","FIDUCIARY HUB"
"303221","FIDUHUB-SUPV-MGMT-FE/LIECOACH"
"303223","FIDU-VETERANSSVCS PEP/LIE/FE"
"303224","FIDU - LIES CHALLENGE TRAINING"
"303225","FIDU-PROGRAM SUPPORT-MGMT"
"303226","FIDU-DIRECT LABOR"
"303227","FIDU-INDIRECT LABOR"
"303228","FIDU-FIELD EXAMINERS"
"303229","FIDU-FILE CLERKS"
"303247","VBAFID"
"303281","FID-FIDUCIARY HUBS"
"303300","BENEFITS ASSISTANCE"
"303310","VBA BENEFITS ASSISTANCE SERVIC"
"303311","VBA BENEFITS ASSIST SVC OFCDIR"
"303312","VBA BENEFITS ASSIST SVC CSODIV"
"303313","VBA BENEFITS ASSIST SVC NMECEP"
"303314","VBA BENEFITS ASSIST SVC TQ DIV"
"303315","TRANSITION (274)"
"303320","VETERANS IDENTIFICATION CARD"
"303400","CENTRALIZED CHALLENGE TRAININ"
"303500","CENTRALIZED INTRO TO LEADERSH"
"303510","COMPENS SRVC TRAINING TRAVEL"
"303511","COMPENS SRVC QUALITY TRAVEL"
"303512","COMPSVCTRAV MEDDISABILITYEXA"
"303600","CENTRALIZED DIV LVL MNGT TRAIN"
"303700","CENTRALIZED LEAD PROGRAM"
"303800","CENTRALIZED SR EXECV SRVC DEV"
"303900","CENTRALIZED ASST DIRETOR DEVL"
"304000","VSC-OTHER/NO SPECIFIC TEAM"
"304004","VSC-CORE"
"304005","VSC-EXPRESS"
"304006","VSC-SPEC OPS"
"304007","VSC-NON-RATING"
"304008","VSC-APPEALS"
"304015","VSC-NATIONAL IRIS"
"304017","MED DISAB. & EXAMINATION STAFF"
"304018","MDE QUALITY&PROGRAM MANAGE"
"304019","MDE ACQUISITION & CONTRACTS"
"304030","VBA COMP FO"
"304050","VASRD PROGRAM MANAGEMENT O"
"304066","VSC-BENEFITS DELIVERY DISCHAR"
"304067","VSC-QUICKSTART"
"304071","VSC-QUALITY REVIEW TEAM"
"304072","VSC-PUBLIC CONTACT"
"304073","VSC-INTAKE PROCESSING CENTER"
"304074","VSC-CONGRESSIONAL"
"304075","VSC-UNASSIGNED TRAINEES"
"304076","VSC-SPINA BIFIDA"
"304077","VSC-FOREIGN"
"304078","VSC-CAMP LEJUNE CONTAMINATED"
"304079","VSC-RADIATION"
"304089","VSC-RECORDS MANAGEMENT CENT"
"304091","VSC-DIVISION FRONT OFFICE"
"304092","VSC-RESTRICTED ACCESS CLAIM C"
"304093","VSC-RESTRICTED ACCESS CLAIM C"
"304094","VSC-NEHMER II/PERIPHERAL NEUR"
"304095","VSC-NATIONAL IRIS RESPONSE CEN"
"304096","VSC-TEMPORARY SPECIAL MISSION"
"304097","VSC-TEMPORARY UNASSIGNED"
"304098","VSC-TEMPORARY (I.E. NON-RATING"
"304100","DAY ONE BROKERING CENTER"
"304112","RC OFFICE OF THE MANAGER"
"304113","RC RATING/VSR"
"304114","RC VETERANS SVC REP (VSR)"
"304115","D1 BC CLAIMS ASST(CA)"
"304116","D1 BC FILE CLERKS"
"304200","BENEFIT ELIGIBILITY SUPPORT"
"304220","VBA C&P TEMP NONRATING"
"304300","PMC-OTHER/NO SPECIFIC TEAM"
"304304","PMC-CORE"
"304305","PMC-EXPRESS"
"304306","PMC-SPEC OPS"
"304307","PMC-NON-RATING"
"304308","PMC-APPEALS"
"304371","PMC-QUALITY REVIEW TEAM"
"304372","PMC-PUBLIC CONTACT"
"304373","PMC-INTAKE PROCESSING CENTER"
"304374","PMC-CONGRESSIONAL"
"304375","PMC-UNASSIGNED TRAINEES"
"304377","PMC-FOREIGN"
"304383","PMC-PMC RATING"
"304390","PMC-PMC CAPTURE UNIT"
"304391","PMC-DIVISION FRONT OFFICE"
"304394","PMC-NEHMER II/PERIPHERAL NEUR"
"304396","PMC-TEMPORARY SPECIAL MISSION"
"304397","PMC-TEMPORARY UNASSIGNED"
"304398","PMC-TEMPORARY"
"304399","PMC-UNKNOWN"
"304400","REHIRED ANNUITANTS"
"304500","OAR-GENERAL"
"304501","OAR-RO APPEALS CLAIMS ASST"
"304503","OAR-RO APP. VSR, SR VSR, AQRS"
"304506","OAR-RO APPEALS RVSR"
"304508","OAR-RO APPEALS DRO"
"304510","OAR-RO APPEALS SUPERVISORY VS"
"304521","OAR-DROC/PMC/RACC SVSR AQRS"
"304522","OAR-DROC/PMC/RACC RVSR"
"304523","OAR-DROC/PMC/RACC DRO"
"304525","OAR-DROC/PMC/RACC SUPV VSR"
"304530","OAR-DROC MGMT STAFF"
"304531","OAR-DIRECTOR STAFF"
"304533","OAR-PROG ADMIN/IC & COMPLIANC"
"304536","OAR-OPERATIONS"
"304600","TIGER TEAM"
"304700","BENEFITS DELIERY AT DISCHARGE"
"304800","QUICK START"
"304801","RADIATION SPECIAL PROCESSION"
"304802","CAMP LEJUNE SPECIAL PROCESSIN"
"304803","SPECIAL CALL CENTERS"
"304820","EDUCATION DIVISION"
"304822","EDUCATION UNIT CHIEF/COACHES"
"304824","VBA QUICK START OTH INDL"
"304825","EDUCATIONAL ECM"
"304826","VETERANS SERVICE CENTER"
"304829","EDUCATIONAL CLERICAL"
"304851","VBA NPCC"
"304900","DUS FOR ECONOMIC OPPORTUNITY"
"305000","VBA-LOAN GUARANTY"
"305010","SHAT ASSISTIVE TECH GRANT"
"305020","SPECIALLY ADAPTIVE HOUSING GR"
"306100","VBA-INSURANCE PGM MGMT&ACTU"
"306200","VBA-PHILA. INSURANCE CLAIMS"
"306300","VBA-PHILADELPHIA POLICY SVC."
"306400","VBA-PHIL.INSUR-INTERNAL CONTRL"
"307000","VBA-EDUCATION SERVICE"
"307010","EDUCATION C&L TRAVEL"
"308000","VETERANREADINESSANDEMPLOYM"
"308100","VBA-CH 31 CONTRACT COUNSELING"
"308200","VBA-CH 31 REHABILITATION SVC"
"308300","VBA-CH 31 EMPLOYMENT SVC (GOE)"
"308500","VRM PMO OFFICE OF THE DIRECTO"
"308900","VBA DOD PROGRAM OFFICE"
"309000","VBA EMERGENCY SPECIAL COSTS"
"309100","VBA - DIRECT DEPOSIT UNIT"
"309200","VBA-ADMIN SUPPORT STAFF"
"309300","OFFICE OF FINANCIAL MANAGEMEN"
"309400","HUMAN RESOURCES MANAGEMENT"
"309500","VBA-UNDISTRIBUTED"
"309600","VBA-SUPPORT SERVICES"
"309800","TRAINING STAFF / ACADEMY"
"309900","VBA-UNFUNDED EXPENSES"
"310000","DISABILITY RATING ACTIVITYSITE"
"310004","IDES-CORE"
"310005","IDES-EXPRESS"
"310006","IDES-SPEC OPS"
"310007","IDES-NON-RATING"
"310008","IDES-APPEALS"
"310071","IDES-QUALITY REVIEW TEAM"
"310072","IDES-PUBLIC CONTACT"
"310073","IDES-INTAKE PROCESSING CENTER"
"310074","IDES-CONGRESSIONAL"
"310075","IDES-UNASSIGNED TRAINEES"
"310085","IDES-IDES RVSR TEAM"
"310086","IDES-IDES PRE-VSR TEAM"
"310087","IDES-IDES POST-VSR TEAM"
"310088","IDES-IDES MSC TEAM"
"310091","IDES-DIVISION FRONT OFFICE"
"310096","IDES-TEMPORARY SPECIAL MISSIO"
"310097","IDES-TEMPORARY UNASSIGNED"
"310098","IDES-TEMPORARY SPECIAL MISSIO"
"311000","OMS - ACQUISITIONS"
"311010","VBA ACQUISITION STAFF"
"311100","OMS-ACQUISITION SERVICE TM1"
"311200","OMS-ACQ-CONSTRUCTION TM2"
"311300","OMS-ACQ COMMODITIES TM3"
"311400","OMS-ACQ PROGRAM SUPPORT"
"311500","OMS-ACQUISITIONS POLICY"
"311600","MEDICAL DISABILITY EXAM PO"
"332000","VENDEE & ACQUIRED LOANS"
"500000","NATIONAL CEMETERY ADMININSTR"
"511100","NCA-OFC OF US FOR MEMORIAL AF"
"511200","NCA-ADVISRY COMMTTEE CEM & M"
"511300","NCA-OFC DEP UND SEC FOR MEM A"
"511400","NCA-ENGAGEMENT & MEM INNOV"
"511500","NCA CHIEF OF STAFF"
"511600","COMMUNICATION&OUTREACH SER"
"511700","NCA-DIGITAL SERVICE"
"511800","NCA- VETERANS LEGACY PROGRAM"
"511900","NCA-HISTORY"
"512000","NCA - DUS OFFICE OF MANAGEMEN"
"512200","OFFICE OF FINANCE/PLANNING CFO"
"512400","CONGRESS AFFAIRS&CORRESPND"
"512500","NCA-EXECUTIVE CORRESPONDENC"
"512600","NCA-PUBLIC AFFAIRS"
"512700","NCA-TRANSF, TECH AND DATA MGM"
"512800","NCA-HUMAN CAPITAL MANAGEMEN"
"512900","NCA-HCM TRAIN AND WKFORCE DE"
"513000","NCA-HCM POLICY AND PROGRAMS"
"513100","HUMAN CAP MGMT WORKFORCE R"
"513200","NCA OFC OF CEMETERY OPS"
"513300","NCA-DESIGN AND CONSTRUCTION"
"513400","NCA-STATE CEMETERY GRANTS SV"
"513500","NCA-DUS FIELD PROG & CEM OPS"
"513600","NCA-CEM DEV & IMPROV SERVICE"
"513800","NCA OPERATIONS MANAGEMENT"
"513900","NCA OPERATIONS CENTER"
"514100","NCA-POLICY & PLANNING SERVICE"
"514200","NCA-BUDGET SERVICE"
"514300","NCA-CAPITAL & PERF BUDGETING"
"514400","NCA-BUDGET OPER & FIELD SPPT"
"514500","NCA-BUSINESS PRO IMPR & COMP"
"514600","NCA-LEGISLATIVE & REGULATORY"
"515000","NCA REASONABLE ACCOMMODATIO"
"519800","NCA COVID19 TEMPORARY EMPLOY"
"519900","NCA-UNFUNDED EXPENSES"
"520000","FLEET MANAGERS"
"520100","GREEN MANAGERS"
"520200","ENERGY MANAGERS"
"520300","GREEN VEHICLES"
"540000","NCA- CONTRACTING / DIR"
"540100","NCA-CONTRACTING STAFFORD"
"540200","NCA-CONTRACTING WASH DC"
"540300","NCA-FINANCE DIVISION"
"540400","NCA-ACCOUNTING OPERATIONS DI"
"540500","NCA-ACCOUNTABILITY DIVISION"
"540600","NCA QUANTICO IT CENTER"
"550100","NCA OFC OF FIELD PROGRAMS"
"550200","NCA APPLICANT ASSISTANCE"
"550400","NCA MEMORIAL PRODUCTS SVS"
"550500","MPS PRESIDENTL MEM CERTS PMC"
"550600","MPS HEADSTONES & MARKERS"
"550700","NCA-MONUMNT AQUISTN 36X0102(H"
"550701","B1,MKR,BRZ,FLT"
"550702","B6,MKR,BRZ,FLT,MOH"
"550703","T1,MKR,BRZ,FLT,O/S"
"550704","T6,MKR,BRZ,FLT,O/S,MOH"
"550705","C1,MKR,GRNT,MEMWALL"
"550706","C6,MKR,GRNT,MEMWALL,MOH"
"550707","G1,MKR,GRNT,FLT,4"
"550708","G6,MKR,GRNT,FLT,4,MOH"
"550709","J1,MKR,GRNT,THN,FLT,3"
"550710","J6,MKR,GRNT,THN,FLT,3,MOH"
"550711","L1,MKR,GRNT,SML,FLT,3"
"550712","L6,MKR,GRNT,SML,FLT,3,MOH"
"550713","A1,MKR,MRBL,MEMWALL"
"550714","A6,MKR,MRBL,MEMWALL,MOH"
"550715","F1,MKR,MRBL,FLT,4"
"550716","F6,MKR,MRBL,FLT,4,MOH"
"550717","UH,MKR,MRBL,UNKNOWN"
"550720","M1,MDLN,BRZ,1-1/2"
"550721","M3,MDLN,BRZ,3"
"550722","M5,MDLN,BRZ,5"
"550726","Z1,N/COVER,BRZ"
"550727","Z6,N/COVER,BRZ,MOH"
"550728","H1,N/COVER,GRNT"
"550729","H6,N/COVER,GRNT,MOH"
"550730","E1,N/COVER,MRBL,ARLTN"
"550731","E6,N/COVER,MRBL,ARLTN,MOH"
"550732","I1,N/COVER,MRBL"
"550733","I6,N/COVER,MRBL,MOH"
"550736","V1,UPRT,GRNT"
"550737","V5,UPRT,GRNT,CNFD"
"550738","V6,UPRT,GRNT,MOH"
"550739","V7,UPRT,GRNT,CVLWR,UN,MOH"
"550740","V9,UPRT,GRNT,SPAMWAR,MOH"
"550741","W1,UPRT,GRNT,3"
"550742","W6,UPRT,GRNT,3,MOH"
"550743","YA,UPRT,GRNT,12,O/S,RLTR"
"550744","U1,UPRT,MRBL"
"550745","U5,UPRT,MRBL,CNFD"
"550746","U6,UPRT,MRBL,MOH"
"550747","U7,UPRT,MRBL,CVLWR,UN,MOH"
"550748","U9,UPRT,MRBL,SPAMWR,MOH"
"550749","XA,UPRT,MRBL,12,O/S,RLTR"
"550750","XB,UPRT,MRBL,13,O/S,RLTR"
"550751","XC,UPRT,MRBL,10,O/S,RLTR"
"550753","XX, HISTORIC HEADSTONE/MARKER"
"550756","GROUP MONUMENT (ANC/NCA)"
"550758","MS STENCIL CHARGE"
"550759","MC CRATING CHARGE"
"550800","NCA-ONSITE ENGRAVNG"
"550805","C1,MRK,GRNT,MEMWALL"
"550806","C6,MRK,GRNT,MEMWALL,MOH"
"550807","G1,MRK,GRNT,FLT,4"
"550808","G6,MRK,GRNT,FLT,4"",MOH"
"550809","J1,MRK,GRNT,THN,FLT,3"
"550810","J6,MRK,GRNT,THN,FLT,3,MOH"
"550811","L1,MRK,GRNT,SML,FLT,3"
"550812","L6,MRK,GRNT,SML,FLT,3,MOH"
"550813","A1,MRK,MRBL,MEMWALL"
"550814","A6,MRK,MRBL,MEMWALL,MOH"
"550815","F1,MRK,MRBL,FLT,4"
"550816","F6,MRK,MRBL,FLT,4"",MOH"
"550828","H1,N/COVER,GRNT"
"550829","H6,N/COVER,GRNT,MOH"
"550830","E1,N/COVER,MRBL,ARLTN"
"550831","E6,N/COVER,MRBL,ARLTN,MOH"
"550832","I1,N/COVER,MRBL"
"550833","I6,N/COVER,MRBL,MOH"
"550841","W1,UPRT,GRNT,3"
"550844","U1,UPRT,MRBL"
"550857","MONUMENT RESTORATION"
"550899","R2,UPRT,REVINSCRPT(U1&W1)"
"551000","MPS PROCSSNG SITE NASHVILLE T"
"551100","MPS PROCSSING SITE ALNC IL"
"551200","MPS PROCSS SITE FT LEVNWRTH K"
"551300","NCA CENTRALIZED APPEALS"
"560100","NCA MEM SVC NETWRK I-PHIL PA"
"560200","NCA MEM SVC NETWRK II-ATLANTA"
"560300","NCA-MEM SVC NETWRK III-DENVER"
"560400","NCA-MEM SVC NETWRK IV-INDNPLS"
"560500","NCA-MEM SVC NETWRK V-OAKLAND"
"570100","NCA-NCEM SPRVS BY MSN1-PHIL PA"
"570200","NCA NCEM SUPRVS BY MSN2-ATL G"
"570300","NCA NCEM SUPRVS BY MSN3-DNVR"
"570400","NCA NCEM SPRVS BY MSN4-INDNPL"
"570500","NCA NCEM SUPRV BY MSN 5 OAKLN"
"570600","NCA TRAINING CENTER"
"570700","NCA HUMAN RESOURCES CENTER"
"570800","NCA FNOD OFFICE"
"570900","NCA NATIONAL SCHED OFFICE"
"571000","TRAINING CENTER INTERN"
"571100","HUMAN RESOURCE CENTER CFM"
"571200","CEM APPRENTICE PROGRAM"
"148210","CENTRAL INV FLD OFFICE-CHICAGO"
"400000","INSPECTOR GENERAL (IG)"
"411000","OFC OF THE INSPECTOR GENERAL"
"411010","OFFICE OF INSPECTOR GENERAL"
"411100","OFC OF CONTRACT REVIEW & EVAL"
"412000","ASST INSPEC GENERAL FOR AUDIT"
"412010","OFFICE OF AUDITS & EVALUATIONS"
"412011","MANAGEMENT OPERATIONS DIVISI"
"412012","AUDIT PLANNING DIVISION"
"412013","AUDIT QUALITY ASSURANCE DIV"
"412014","IT SEC/AUD DIV-DC"
"412015","IT & SECURITY AUDIT DIV-AUSTIN"
"412016","EXECUTIVE SUPPORT DIVISION"
"412017","SPECIAL PROJECTS DIVISION"
"412018","ACCESS DIVISION"
"413000","ASST INSPEC GEN FOR INVESTIGA"
"413010","OFFICE OF INVESTIGATIONS"
"413011","ADMIN INV DIVISION"
"413012","ANALYSIS/OVERSIGHT DIVISION"
"413013","CRIMINAL INV DIVISION"
"413014","INVESTIGATIVE DATA SYS & ANAL"
"413015","OFFICE OF INVESTIGATIONS 51IDD"
"414000","HEALTH CARE INSPECTION"
"414010","OFC OF HEALTHCARE INSPECTIONS"
"414011","CONSULTATION & MEDICAL REVIEW"
"414012","QI PROJECTS"
"414013","CHIP"
"414014","PROGRAM ADMIN & SPECIAL PROJ"
"414016","BIOSTATISTICS"
"414017","HOTLINE BUSINESS LINE"
"414018","BEHAVIORAL HEALTH"
"414019","RAPID RESPONSE"
"414020","NATIONAL REVIEW"
"414021","SL HEALTHCARE INSPECTION DIV"
"414100","ATLANTA HEALTHCARE INSPECTION"
"414110","ATLANTA HEALTHCARE INSPECTION"
"414200","CHICAGO HEALTHCARE INSPECTIO"
"414210","CHICAGO HEALTHCARE INSPECTIO"
"414300","LOS ANGELES HLTHCARE INSPCTN"
"414310","LA HEALTHCARE INSPECTIONS"
"414400","BOSTON HEALTHCARE INSPECTION"
"414410","BEDFORD HEALTHCARE INSPECTIO"
"414500","DALLAS HEALTHCARE INSPECTIONS"
"414510","DALLAS HEALTHCARE INSPECTIONS"
"414600","WASH DC HEALTHCARE INSPECTIO"
"414610","WASHINGTON DC HEALTHCARE INS"
"414700","ST. PETERSBURG HEALTH CARE IN"
"414710","BAY PINES HEALTHCARE INSP"
"414800","IG/AIG HEALTHCARE INSPECTIONS"
"414810","KANSAS CITY HEALTHCARE INSPEC"
"414811","DENVER HEALTHCARE INSPECTION"
"414812","BALTIMORE HEALTHCARE INSPECT"
"414813","SEATTLE HEALTHCARE INSPECTION"
"414814","SAN DIEGO HEALTHCARE INSPECTI"
"414815","CLINICAL REVIEW MGMT"
"415000","AIG/MANAGEMENT & ADMIN"
"415010","OFFICE OF MANAGEMENT & ADMIN"
"415100","OPERATIONAL SUPPORT"
"415110","SCEP/STEP OPS"
"415200","INFO TECHNOLGY & DATA ANALYSIS"
"415210","INFORMATION TECHNOLOGY DIV"
"415211","DATA ANALYSIS - AUSTIN"
"415213","IT SUPPORT SECTION"
"415300","FINANCIAL AND ADMIN SUPPORT"
"415310","ADMIN & FIN OPS DIVISION"
"415400","HUMAN RESOURCES MANAGEMENT"
"415500","HOTLINE"
"415510","HOTLINE DIVISION"
"415600","IG/AIG MGT & ADMIN, BUDGET DIV"
"415610","BUDGET DIVISION"
"415700","OIG"
"415710","OPERATIONS DIVISION"
"416100","ATLANTA AUDIT OPERATIONS DIV"
"416110","ATLANTA AUDIT OPS DIVISION"
"416200","CHICAGO AUDIT OPERATIONS DIV"
"416210","CHICAGO AUDIT OPS DIVISION"
"416300","DALLAS AUDIT OPERATIONS"
"416310","DALLAS AUDIT OPS DIVISION"
"416400","BOSTON AUDIT OPERATIONS DIV"
"416410","BEDFORD AUDIT OPERATIONS DIV"
"416500","KANSAS CITY AUDIT OPERATION DV"
"416510","KANSAS CITY AUDIT OPS DIVISION"
"416600","CENTRAL OFFICE AUDIT OPER DIV"
"416610","WASHINGTON, DC AUDIT OPER DIV"
"416700","FINANCIAL AUDIT DIVISION"
"416710","FINANCIAL AUDITS DIVISION"
"416800","SEATTLE AUDIT OPERATIONS DIV"
"416810","SEATTLE AUDIT OPS DIVISION"
"416900","LA AUDIT OPERATIONS DIVISION"
"416910","LOS ANGELES AUDIT OPS DIVISION"
"417000","DATA MODELING GROUP"
"417100","ST. PETERSBURG AUDIT OPERATIO"
"417110","BAY PINES AUDIT OPER DIV"
"417200","BENEFITS INSPECTION DIVISION"
"417210","BENEFITS INSPECT DIV BAY PINES"
"417300","AUDIT STATISTICAL OPER DIV"
"417310","AUDIT STATISTICAL OPER DIV"
"417400","OIG"
"417410","BENEFITS INS - SAN DIEGO DIV"
"417500","OIG CONTRACT"
"417510","CONTRACT INTEGRITY DIVISION"
"417600","OIG FINANCIAL"
"417610","FINANCIAL INTEGRITY DIVISION"
"417700","DENVER AUDIT"
"417710","DENVER AUDIT OPS DIV"
"417800","DENVER BENEFITS INSPECTION PA"
"417810","DENVER BENEFITS INSPECTION DIV"
"417900","OFFICE OF SPECIAL REVIEW"
"418100","SOUTHEAST INVESTIGAT FLD OFC"
"418110","SOUTHEAST INV FLD OFC-BAYPINES"
"418111","ATLANTA RESIDENT AGENCY"
"418113","NASHVILLE RESIDENT AGENCY"
"418115","WEST PALM BEACH AGENCY"
"418116","TALLAHASSEE RESIDENT AGENCY"
"418200","CENTRAL INVESTIGATIVE FLD OFC"
"418210","CENTRAL INV FIELD OFC-CHICAGO"
"418211","CLEVELAND RESIDENT AGENCY"
"418212","DENVER RESIDENT AGENCY"
"418214","KANSAS CITY RESIDENT AGENCY"
"418216","MINNEAPOLIS RA"
"418300","WESTERN INVESTIGATIVE FLD OFC"
"418310","WESTERN INV FIELD OFFICE-LA"
"418311","PHOENIX RESIDENT AGENCY"
"418314","SAN DIEGO RESIDENT AGENCY"
"418316","LAS VEGAS RESIDENT AGENCY"
"418400","S. CENTRAL INVESTIGATV FLD OFC"
"418410","SOUTH CENT INV FLD OFC-DALLAS"
"418411","JACKSON RESIDENT AGENCY"
"418412","HOUSTON RESIDENT AGENCY"
"418413","LITTLE ROCK RESIDENT AGENCY"
"418414","SAN ANTONIO RA"
"418700","NORTHEAST INVESTIGATIV FLD OFC"
"418710","N EAST INV FIELD OFFICE-NEWARK"
"418711","MANCHESTER RESIDENT AGENCY"
"418712","NEW YORK RESIDENT AGENCY"
"418715","BUFFALO RESIDENT AGENCY"
"418716","BEDFORD RESIDENT AGENCY"
"418800","MID-ATLANTIC INV FIELD OFC DC"
"418810","MID-ATLANTIC INV FLD OFC - DC"
"418811","PITTSBURG RESIDENT AGENCY"
"418812","COLUMBIA RESIDENT AGENCY"
"418813","FAYETTEVILLE RESIDENT AGENCY"
"418814","ASHVILLE RA"
"418900","OIG"
"418910","NW INV FIELD OFFICE-SF/OAKLAND"
"418912","SEATTLE RESIDENT AGENCY"
"418915","PORTLAND RA"
"419000","COUNSELOR TO THE INSPECTOR G"
"600000","REVOLVING SUPPLY FUND"
"601300","MERCH-VACO-TRANSPOR PGM"
"601400","MERCH-VACO--PUBLICATIONS PGM"
"601500","MERCH - AUDIT RECOVERIES"
"611500","MERCHFIELD-MATERIEL MGMT PGM"
"611600","MERCH-FIELD-SVC AND RECL PGM"
"611700","MERCH-FIELD-QUALITY ASSUR PGM"
"611900","MERCH-IELD-X-RAY FILM RECY PG"
"612100","NAC AUSTIN AUDIT RECOVERY"
"612200","NAC FSS RECOVERY"
"612300","NAC BUS RESOURCE SERVICE"
"612400","MERCH-FIELD-DIRECT DELIVERY PR"
"612500","MERCH-FIELD-- DRUG REPACKAGIN"
"612600","MERCH-FIELD-BUS WITH CDS"
"612800","MERCH-FLD-NTL AC. CTR OTHR"
"612900","NAC COLLECTION"
"613100","MERCH FLD DNVR LOG CTR"
"613200","MERCH FLD DNVR ACQ & LOG"
"613300","MERCH FLD DNVR ACQ & LOG"
"615000","MERCH-HINES-COST RECOVERY PG"
"615300","FACILITY SUPPLIES"
"616000","MERCH-ACQ FOR TECH ACQ CNTR"
"616100","MERCH-COLLECTION TECH ACQ CN"
"616200","MERCH-TECH ACQ CNTR AUSTIN C"
"616300","MERCH-COLL ENTERPRISE ACQ SY"
"621100","1VA+FUND PROGRAM"
"628000","VHA LOGISTICS OFFICE"
"629000","SMALL & DISADVANTAGE BUS UTIL"
"629100","CENTER FOR VET ENTERPRISE DVL"
"629300","AUSTIN ACQUISITION SERVICE"
"629400","JOINT VENTURE ACQUISITION CNTR"
"633000","NATIONAL ACQUISITION CENTER"
"637700","OPER- FIELD VHACLIN/LOG/OFF"
"640000","OAL-DAS-FRONT OFFICE"
"641000","OAL-APS-FRONT OFFICE"
"641100","OAL-APS-FINANCE-DC-STATION 101"
"641200","OAL-LSCM-LOG SUPPORT SERVICE"
"641300","OAL-LSCM-TRAN & RELOCATIONSV"
"641400","OAL-LSCM-PUBLICATION SVCS"
"641500","OAL-APS-BUSINESS SERVICES"
"641600","OAL-APS-HR-DC-STATION 101"
"641700","OPER-VACO-INFO TEC LIAISON"
"641800","OAL-APS-OPERATIONS SUPPORT S"
"641900","OAL-FRANCHISE FUND OVERSIGHT"
"642000","OAO-ED-FRONT OFFICE"
"642010","OAO EXECUTIVE DIRECTOR"
"642100","OAL-PPSO-FRONT OFFICE"
"642200","OPER-VACO-CTR ACQ INNOVATION"
"642400","OPAL CATEGORY MGMT SPT OFF"
"643000","OAL-LSCM-FRONT OFFICE"
"643100","OAL-PPSO-PP&WM-FRONT OFFICE"
"643200","OAL-PPSO-PP&WM-DIVISION"
"643300","OPER-VACO-ACQ TRAINING DIV"
"643400","OAL-LSCM-SCP&AS-FRONT OFFICE"
"643500","OAL-LSCM-SCP&AS-DIVISION"
"643600","OAL-LSCM-SCSOS-DIVISION"
"643700","OAL-PPSO-RISK-M&O FRONT OFFIC"
"643800","OPER-VACO-SUPPLY CHAIN SUPPO"
"643900","OAL-PPSO-RISK-M&O DIVISION"
"644000","OPER-VACO-SYSTEMS INTEGRATIO"
"644100","OPER-VACO-FIELD ASSIST TEAM"
"644200","OAL-APS-ACQ HUMAN CAPITAL PRG"
"644300","OPER-VACO-BUSINESS TRANSFOR"
"644400","OAL-APS-ACQ SYSTEM INTEGRATIO"
"644500","OAO-CUSTOMER ADVOCACY SVC"
"644600","OAO-ACQUISITION BUSINESS SVC"
"644610","OAO ACQUISITION BUSINESS SVC"
"645000","OAO-SAC-FRONT OFFICE"
"645100","SAC ACQUISITION SERVICE 4"
"645110","SAC PROCUREMENT SERVICE A"
"645200","SAC ACQUISITION SERVICE 3"
"645210","SAC PROCUREMENT SERVICE B"
"645300","SAC ACQUISITION SERVICE 5"
"645310","SAC PROCUREMENT SERVICE C"
"645400","OAO-SAC-PRGM ADVISORY OFFICE"
"645410","SAC PROGRAM ADVISORY SVC"
"645500","OAO-SAC-ACQ RAPID RESPONSE OF"
"645510","SAC ACQUISITION RAPID RESP SVC"
"645600","SAC ACQUISITION SERVICE 1"
"645610","SAC OPERATIONS SERVICE"
"645700","OAO-SAC-COMPLIANCESERVICE"
"645710","SAC COMPLIANCE SERVICE"
"645800","SAC ACQUISITION SERVICE 2"
"645810","SAC-FRED MD ACQ SVC"
"645900","OAL-APS-FISCAL-MD-STATION 119"
"645910","SAC-F MD FISCAL SERVICES"
"646000","OAL-APS-FISCAL-VA-STATION 119"
"646010","OPER-SAC VIRGINIA FISCAL SAL"
"646100","OPAL-OFFICE OF ACQUISITION SUP"
"646110","OPAL-OFFICE OF ACQUISITION SUP"
"646200","SAC ACQUISITION SERVICE 6"
"646210","SAC COMMUNITY CARE NETWORK"
"646310","SAC FREDERICK SAL DIRECTOR 2"
"646410","SAC FREDERICK SAL DIRECTOR 3"
"646510","SAC FREDERICK SAL DIRECTOR 4"
"651000","OAL-APS-FISCAL-IL-STATION 796"
"651200","OAL-APS-FISCAL-CO-STATION 791"
"651300","OAL-SDC-FRONT OFFICE"
"651400","OAL-SDC-OPERATIONSDIVISION"
"651500","OAL-SDC-MATERIAL MGMT DIVISION"
"651600","OAL-SDC-SVC&RECLAMATIONDIV"
"651700","OAL-SDC-QUALITYASSURANCEDIV"
"651800","OAL-SDC-SUPPLYCHAINANALYSIS"
"651900","OAL-APS-HR-IL-STATION 796"
"652000","OAL-NAC-FRONTOFFICE"
"652100","OPER-FLD-NAT ACQ CNTR NAT DIV"
"652200","OAL-NAC-FEDSUPPLYSCHEDULE"
"652300","NAT ACQ CNTR BUSINESS SVCS DV"
"652400","OAL-NAC-BUSINESSRESOURCESVC"
"652500","HINES SDC-XRAY FILM RECYCLING"
"652600","HINES SDC-SILVER RECOVERY PGM"
"652700","HINES SDC-COST RECOVERY PGM"
"652800","SDC HDOS PROGRAM"
"653000","OAL-DALC-FRONT OFFICE"
"653100","OAL-DALC-VETERANSSVCDIVISION"
"653200","OAL-DALC-ACQUISITIONDIVISION"
"653300","OAL-DALC-LOGISTICSDIVISION"
"653400","OAL-DALC-MARKETING DIVISION"
"653500","OAL-APS-HR-CO-STATION 791"
"654100","OFCAI DIV WASHINGTON DC"
"654200","OFCAI FREDERICK MARYLAND"
"654220","OAO ACQUISITIONS SVC-FREDERIC"
"654300","OPER FIELD IT STAFF CAI AUSTIN"
"654400","OFCAI DIV AUSTIN TEXAS"
"654420","TAC AUSTIN"
"654700","OFCAI ACQ LEADERSHIP FREDERIC"
"654800","OAL-APS-FISCAL-VA-STATION 798"
"655200","OPSFLD ARR TCH ACQ CTR NEWJR"
"655300","OPSFLD PMD TCH ACQ CTR NEWJR"
"655400","OPSFLD ATT TCH ACQ CTR NEWJRS"
"655500","OPSFLD ITS TCH ACQ CTR NEWJRS"
"655600","OPSFLD HRS TCH ACQ CTR NEWJR"
"655700","OAL-ENTERPRISEACQUISYSTEMS"
"655800","OP-POLICY & RISK MGNT"
"656000","OAO-TAC-FRONT OFFICE"
"656100","OAO-TAC-PROCUREDIVS A,B,C,D"
"656120","TAC PROCUREMENT SERVICE A"
"656121","TAC PROCUREMENT SERVICE B"
"656122","TAC PROCUREMENT SERVICE C"
"656123","TAC PROCUREMENT SERVICE D"
"656200","OAO-TAC-ACQ RAPID RESPONSEOF"
"656220","TAC ACQ. RAPID RESPONSE SVC"
"656300","OAO-TAC-PRGM ADVISORY OFFICE"
"656320","TAC PROGRAM ADVISORY SERVICE"
"656400","TAC PROCUREMENT B"
"656500","OPER-IT STAFF TECH ACQ CNTR"
"656600","OAL-APS-HR-NJ-STATION 118"
"656700","OAL-APS-FISCAL-NJ-STATION 118"
"656800","EASS-SALARY ENTERPRISE ACQ SY"
"656900","EASS-TRAINING ENTERPRISE ACQUI"
"656920","TAC OPERATIONS SERVICE"
"657000","EASS-TRAVEL ENTERPRISE ACQ SY"
"657100","EASS-OTHER ENTERPRISE ACQ SYS"
"657200","EASS-EQUIP ENTERPRISE ACQ SYS"
"657300","OAO-TAC-ACQUIS SVCS AUSTIN,TX"
"657400","OAL-APS-FISCAL-TX-STATION 118"
"657500","TAC_PLNS/COMPLIANCE/TRAIN SVC"
"657600","TAC_ENGINEERING SERVICE"
"657700","TAC PROCUREMENT C"
"657800","TAC PROCUREMENT D"
"657900","TAC PROCUREMENT E"
"658000","TAC PROCUREMENT F"
"658100","TAC OPERATION SERVICE"
"666000","OAL-VAAA-FRONTOFFICE"
"666100","OAL-VAAA-ACQINTERNSHIPSCHOOL"
"666200","OAL-VAAA-CONTRACT PRO SCHOOL"
"666300","OAL-VAAA-PROGRAMMGMTSCHOOL"
"666400","OAL-VAAA-SUPPLYCHAINMGTSCHO"
"666500","OAL-VAAA-ENTERPRISE SHARED SV"
"666600","VAAA BUILDING FACILITIES"
"666700","OAL-VAAA-FACILITIESMGTSCHOOL"
"666800","STRATEGIC ACQ CTR COMPLIANCE"
"666900","OAL-VAAA-WARRIORSTOWORKFOR"
"667000","VAAA OFFICE OF THE CHANCELLOR"
"667100","VAAA ACADEMY OPERATIONS"
"667200","VAAA CURR DEVT & DELIVERY PRO"
"667300","VAAA ACQUISITION WORKFORCE D"
"667400","VAAA ACQ WORKFORCE INTERNSHI"
"667500","VAAA ACQ WORKFORCE CERT TRG"
"834400","HOMELESS VETS SVC PRGM ACT1992"
